,地址,经度,纬度
星巴克咖啡(上海广场店),淮海中路138号上海广场F1层106,121.47374043102968,31.22748412190498
星巴克咖啡(来福士1店),西藏中路268号来福士广场2层5室,121.47216362466047,31.233833778127313
星巴克咖啡(城隍珠宝店),丽水路88号1层116单元,121.48591734484215,31.230470946495267
星巴克咖啡(睿园路店),斜土东路90号1-2楼,121.48589497887205,31.210320407621637
星巴克咖啡(日月光店),徐家汇路618号日月光广场一层1F-A08单元,121.4639613304549,31.209406227670193
星巴克咖啡(古象大酒店),九江路595号古象大酒店(近湖北路),121.47511832905265,31.236198971141974
星巴克咖啡(新世界城),南京西路2-68号新世界城三楼星巴克咖啡,121.46892470773408,31.237178353725444
星巴克咖啡(香港名都店),河南南路489号香港名都购物中心1层(近复兴东路),121.48517920633432,31.224855382991567
星巴克咖啡(汇暻生活广场店),鲁班路615号汇暻生活广场102-103室,121.47294803426671,31.201105515505112
星巴克咖啡(上海K11购物艺术中心),淮海中路300号上海K11购物艺术中心L1层106,121.46902200796862,31.22568593779622
星巴克咖啡(歌斐中心店),蒙自路757号1楼106单元,121.47747248305588,31.199475112863926
星巴克咖啡(香港广场购物中心北区),淮海中路283号香港广场购物中心北区F1层NL1-16,121.47004233517478,31.225641737935184
星巴克咖啡(迪美广场店),人民大道221号B1层B08号,121.46891624274882,31.230614354741288
星巴克咖啡(思南公馆店),思南路50号,121.4630227771468,31.21701415582989
星巴克咖啡(汉口路店),四川中路213号久事商务大厦一层,121.48354829455874,31.23839731057149
星巴克咖啡(十六铺码头店),中山东二路531号十六铺旅游水岸商业广场B1层(十六铺公交站地下B1层),121.49274273624317,31.230644208913617
星巴克咖啡(8号桥2店),8号桥二期局门路436号1号楼1102单元,121.47745894360801,31.205256251580924
星巴克咖啡(湖滨道店),湖滨路150号湖滨道购物中心1层105室,121.47478435257455,31.222713294773936
星巴克咖啡(金外滩花园店),中山南路200弄金外滩花园北侧底楼(老太平弄),121.4959657934113,31.225290364395104
星巴克咖啡(黄浦新苑店),黄浦新苑西藏南路1130号,121.48178829769284,31.212795140163312
星巴克咖啡(东海店),延安东路588号东海商业中心1层,121.47544178890163,31.23193684960569
星巴克咖啡(来福士二店),西藏中路268号来福士办公楼1层(近福州路),121.47252977533982,31.234612437263923
星巴克咖啡(亚龙国际广场店),金陵东路500号亚龙国际广场F1层,121.47550627066366,31.22885746083501
星巴克咖啡(新天地店),太仓路181弄上海新天地北里F1层,121.46984391583604,31.22296745092867
星巴克咖啡(海洋大厦店),延安东路550号海洋大厦1层(近浙江中路),121.47703212458748,31.232879939397627
星巴克咖啡(宏伊广场店),南京东路299号宏伊国际广场2层S-215单元(近九江路),121.47985534174505,31.238865317920627
星巴克咖啡(黄浦永新广场店),南京西路128号永新广场1层,121.46773397269448,31.235926713887043
星巴克咖啡(丽园路店),丽园路口蒙自路169号,121.47314304472471,31.20860341496852
星巴克咖啡(福建中路店),福建中路353号-359号1-2层1A02单元,121.47558473970344,31.238186382242738
星巴克咖啡(8号桥店),建国中路10号8号桥1期,121.46674280756105,31.212546036362458
星巴克咖啡(南车站路店),南车站路564号保屯路浦西世博园区F栋,121.4895414439268,31.204786923947612
星巴克咖啡(人民坊店),淮海中路835号1-3层(人民坊),121.45759229281018,31.219890200777147
星巴克咖啡(永银大厦店),桃源路85号永银大厦,121.47573826825148,31.226396266674257
星巴克咖啡(恒基名人购物中心),南京东路300号恒基名人购物中心F1层L114,121.47951504775496,31.240204722687483
星巴克咖啡(外滩店),外滩中山东一路367号,121.48603777458453,31.242197926305177
星巴克咖啡(仙乐斯店),南京西路388号仙乐斯广场F1层,121.46427925774094,31.233425721607187
星巴克咖啡(日月光中心西区),徐家汇路610号日月光中心1层1F-A08单元,121.46419520157892,31.207723648622565
星巴克咖啡(西藏路店),西藏中路289号,121.47019199822563,31.235294670311106
星巴克咖啡(淮海东路店),淮海东路68号,121.47688601610136,31.228299645979465
星巴克咖啡(永安店),南京东路635号永安百货1层,121.47408981745427,31.236689846546973
星巴克咖啡(明珠店),肇嘉浜路212号上海明珠大饭店大堂,121.45794555852417,31.205480968834227
星巴克咖啡(明天广场店),南京西路399号明天广场1层(近黄陂北路),121.46515709901568,31.23230653495458
星巴克咖啡(外滩中心店),延安东路222号外滩中心1层,121.4824758645901,31.234412991267057
星巴克咖啡(申大厦店),汉口路266号申大厦102单元,121.4803460866239,31.238391957182554
星巴克咖啡(上海书城店),福州路465号上海书城2层,121.47697271294898,31.23532064562109
星巴克咖啡(红房子店),陕西南路37号1-3层(近长乐路),121.45322675059845,31.222464671628614
星巴克咖啡(豫园店),豫园路100号,121.48723120173847,31.228276861702682
星巴克咖啡(新金桥店),西藏中路579-581号新金桥广场,121.46888139592521,31.239178322819527
星巴克咖啡(永业公寓店),徐家汇路193-199号,121.47243347570023,31.210985289066887
星巴克咖啡(世茂广场店),南京路步行街世茂广场,121.47147412436274,31.236360707276667
星巴克咖啡(人民公园店),人民公园南京西路189号,121.4664962177911,31.233604474581927
星巴克咖啡(大同店),斜徐路593号一层,121.46809248695232,31.208367663357322
星巴克咖啡(瑞金路店),瑞金二路101-107号(近复兴中路),121.46056228924151,31.217160829670085
星巴克咖啡(美臣店),淮海中路935号美臣大楼1-2层(近陕西南路),121.45509324923765,31.218802741257754
星巴克咖啡(雁荡路店),雁荡路99号(近南昌路),121.46548709056373,31.221187597280277
星巴克咖啡(东航云锦天地店),龙兰路277号3号楼1层七贤日料店,121.45316226209718,31.16800840727837
星巴克咖啡(光启城),宜山路455号光启城L1层183&amp;185,121.4233033689778,31.185587280819124
星巴克咖啡(汇阳广场店),田林东路75号1层105单元,121.4288144975581,31.17631791220396
星巴克咖啡(美罗城店),肇嘉浜路1111号美罗城219号(近漕溪北路),121.43506613841586,31.195307823270674
星巴克咖啡(南洋1931店),裕德路165号1层F1-04单元,121.42800617993007,31.187851993705703
星巴克咖啡(环贸广场店),淮海中路999号环贸iapmLG2层LG2-236,121.45301259662722,31.217446555155068
星巴克咖啡(正大乐城),中山南二路699号正大乐城F1层1-104,121.45264712796632,31.188096036575594
星巴克咖啡(徐汇百联店),华山路2038号百联徐汇商业广场1楼007室,121.43228650442997,31.199676278813854
星巴克咖啡(上海交通大学店),华山路1954号包兆龙图书馆1层,121.42844169464787,31.20158579269543
星巴克咖啡(光大会展店),漕宝路78号光大会展中心1001室,121.42367026269349,31.169592825114123
星巴克咖啡(茶陵北路店),茶陵北路20号A1室,121.46044333336316,31.200855400202954
星巴克咖啡(徐汇万科中心店),定安路55号T2楼101A号,121.42945696163996,31.16023308625615
星巴克咖啡(望月路店),望月路885号附近,121.45593018840124,31.119019913053165
星巴克咖啡(平福路店),平福路188号3幢1层101单元,121.44447540394147,31.139778550617564
星巴克咖啡(永丰国际广场店),宛平南路88号,121.44070978293875,31.197079820300544
星巴克咖啡(宜山路店),宜山路675-1单元,121.41877228340836,31.17886994811323
星巴克咖啡(港汇恒隆广场),虹桥路1号港汇广场1座1层大唐堂,121.43325153754937,31.196780192379038
星巴克咖啡(龙华朵云轩店),天钥桥路1188号,121.44334363118305,31.175723545657917
星巴克咖啡(柳州路店),柳州路399号恒地仓国际大厦一楼大厅,121.4206363622966,31.168769938408662
星巴克咖啡(古北时尚店),吴中路52号古北时尚1层104室,121.4112122820305,31.18984758931935
星巴克咖啡(桂林路店),桂林路402号76幢诚达创意园103室,121.41159292726799,31.174173729332548
星巴克咖啡(壹街坊店),上中西路280号(壹街坊)1层,121.42127391643906,31.136957318442963
星巴克咖啡(凤凰园店),古美路1515号19号楼102B室,121.3931280481609,31.163199561143347
星巴克咖啡(蒲汇塘路店),文定路200号盛源大地家居城1层1A09ab室,121.42695840536283,31.189183943331507
星巴克咖啡(中金国际广场店),漕溪北路331中金国际广场A座1层,121.43469965598938,31.192630551318814
星巴克咖啡(飞洲国际广场店),零陵路899号飞洲国际广场F1层,121.43338078789188,31.185140185187908
星巴克咖啡(好望角店),肇嘉浜路500-2号,121.4497731778553,31.203118209077303
星巴克咖啡(名仕苑店),广元西路108-2号,121.42933452157774,31.19755400405225
星巴克咖啡(枫林国际大厦店),枫林路380号102室,121.45312198298754,31.193213574532248
星巴克咖啡(上影博物馆店),漕溪北路595号上海电影博物馆A座1楼博物馆内,121.43367709440594,31.18804519668397
星巴克咖啡(钦州北路店),田尚坊钦州北路238-240号,121.41549054768754,31.18236932894384
星巴克咖啡(田林宾馆店),田林路1号6幢第12层C区,121.41883083433575,31.17329084316322
星巴克咖啡(斜土路店),南丹东路18号(斜土路口),121.44108600019902,31.19269968736264
星巴克咖啡(衡山坊店),衡山路890弄3号,121.43502083668936,31.197768536053385
星巴克咖啡(越界店),田林路140号越界创意产业园1层,121.4073434506232,31.171482878175524
星巴克咖啡(武康路店),武康路420号1层,121.43318357129193,31.206465352065702
星巴克咖啡(科产大厦店),宜山路900号科产大厦A座1层(近桂平路),121.39721763724378,31.173994548810267
星巴克咖啡(徐汇苑店),中山南二路1089号徐汇苑大厦1层101室,121.4385525045152,31.180821013588663
星巴克咖啡(宏汇国际广场店),中山西路1602号宏汇国际广场B座1层02室,121.4170225267618,31.188721412285837
星巴克咖啡(钦江路店),钦江路102号(虹漕路与钦江路交汇处),121.40449755476023,31.178593215817454
星巴克咖啡(漕河泾2店),桂平路391号新漕河泾国际商务中心B座1层,121.39915745411254,31.165516942943928
星巴克咖啡(美罗大厦店),天钥桥路30号美罗大厦1层,121.43589482343262,31.1947734580223
星巴克咖啡(上海南站店),盛泰奥特莱斯南广场1层B区南1-B25号,121.4268242472146,31.153999790391858
星巴克咖啡(世纪商贸店),长乐路989号世纪商贸广场1层,121.44234675051663,31.217067235257765
星巴克咖啡(嘉汇店),美城天地天钥桥路323号,121.43752351386455,31.19044138111872
星巴克咖啡(永新店),辛耕路129号(近天钥桥路),121.43826973855157,31.194324759529174
星巴克咖啡(汾阳路店),汾阳路138号上海轻科大厦1层3单元,121.44839888814425,31.211743066388678
上海星巴克咖啡有限公司(宜山路),宜山路1009号创新大楼1层,121.39632379507152,31.17251934068602
星巴克咖啡(爱美高大厦店),淮海中路1325号爱美高大厦1层103室,121.44529495029701,31.214234407455702
星巴克咖啡(均瑶店),肇嘉浜路789均瑶国际广场1层,121.4439018343454,31.200142439611213
星巴克咖啡(中关村虹桥创新中心店),临虹路365号-1A铺,121.34552764386488,31.23193759257973
星巴克咖啡(老船坞店),,121.40436697928139,31.219095291931424
星巴克咖啡(西郊友谊店),仙霞西路88号百联西郊购物中心F1层1210,121.36631579258048,31.210989346395174
星巴克咖啡(番禺路店),番禺路1号龙之梦大厦对面,121.42394397724394,31.211838128130488
星巴克咖啡(长宁来福士东区),长宁路1139号长宁来福士东区F6层,121.4102841877201,31.217863408120532
星巴克咖啡(黄金城道店),黄金城道776号1楼103室,121.39426884098121,31.197530000315503
星巴克咖啡(尚嘉中心店),仙霞路99号尚嘉中心LG2层,121.40245138708383,31.207475375406755
星巴克咖啡(KiNG88),长宁路90号附近KiNG88F1层L1-17&amp;18,121.42223802235165,31.230669308209567
星巴克咖啡(福缘湾九华店),淞虹路920号福缘湾商场1层1座1101单元,121.3597024034039,31.20661516722778
星巴克咖啡(凌空广场店),巿长宁区金钟路968号的凌空SOHO广场2号楼2-106室,121.34883976267733,31.223137072414552
星巴克咖啡(东方国信店),福泉北路388号1号办公楼(B座)1楼102室,121.35140301210988,31.232193639451797
星巴克咖啡(延安西路店),,121.43098254804116,31.21836530793738
星巴克咖啡(神州智慧天地店),神州智慧天地 天山西路567号神州智慧天地裙房1层R106号,121.35230238296181,31.219835979496157
星巴克咖啡(长宁来福士西区),长宁路1193号凯德长宁来福士T3商务楼1层,121.40903230099194,31.218723332876813
星巴克咖啡(凌空广场店)1,金钟路968号凌空soho16号楼1层,121.3463008110224,31.22340424228828
星巴克咖啡(万都店),兴义路8号万都中心大厦1楼S102、S106商铺,121.42510261641173,31.212077397337588
星巴克咖啡(北新泾店),天山西路138号上海馥邦购物中心1楼,121.36889854652269,31.21884655520404
星巴克咖啡(优客百盛店),天山路889号优客百盛城市广场1层1E04室,121.3992194029146,31.212102701380037
星巴克咖啡(尚品中心店),通协路272号虹桥国际商务花园尚品中心1层,121.35068565766551,31.229052260468976
星巴克咖啡(淮海花园店),淮海西路280号101(番禺路与淮海西路交口),121.42444755616557,31.20186755277054
星巴克咖啡(申亚店),申亚珺悦1层,121.37066027616356,31.218728664473485
星巴克咖啡(金虹桥商场店),茅台路179号B2LG2583单元,121.39798842468761,31.210968199300478
星巴克咖啡(巴黎春天天山店),天山路762-780号巴黎春天(天山店)F1层,121.39715418516018,31.21363192686782
星巴克咖啡(星空广场店),虹桥路1665号星空广场A-104-105单元,121.38749963141716,31.20283839766617
星巴克咖啡(中山广场店),中山西路1065号SOHO中山广场B座1室(近虹桥路),121.4108621679861,31.199746486798862
星巴克咖啡(虹桥南丰城二店),遵义路100号虹桥南丰城B座B1层,121.4036416220672,31.20882800210647
星巴克咖啡(延安西路店)2,新华路519号18室(近定西路),121.41853265059898,31.20606023185777
星巴克咖啡(龙之梦购物中心),长宁路1018号龙之梦购物中心F1层1073,121.41223737784455,31.220660264649954
星巴克咖啡(龙之梦购物中心)3,长宁路1018号上海龙之梦大厦B2层2号,121.41198219517368,31.220474188452396
星巴克咖啡(虹桥万豪店),虹桥路2270号万豪大酒店A段1层,121.37193390095284,31.19350655892876
星巴克咖啡(淮海坊店),新·淮海坊F1层,121.4180768177013,31.198328587912947
星巴克咖啡(缤谷广场店),天山路341号缤谷广场1层102室,121.38261449213105,31.21620757284692
星巴克咖啡(昭化路店),定西路1026号(近昭化路),121.4189354896955,31.21314919265154
星巴克咖啡(上海高岛屋百货),虹桥路1438号上海高岛屋百货1F层,121.3987224241815,31.19991658711964
星巴克咖啡(东方维京大厦店),仙霞路333号东方维京大厦1层,121.39407094268545,31.20821681747619
星巴克咖啡(统一企业大厦店),天山西路568号统一企业大厦1幢105-106号,121.35583880026775,31.221051907880966
星巴克咖啡(联强国际店),天山西路1068号联强国际A栋1C单元(近协和路),121.35047768767919,31.221798998403006
星巴克咖啡(东银中心店),红宝石路500号东银中心1层106,121.39441256682856,31.20041556201308
星巴克咖啡(江苏路店),江苏路458号舜元企业发展大厦1层(近宣化路),121.42624055969168,31.220760677717287
星巴克咖啡(万都店)4,遵义南路9号万都中心大厦1层,121.39813595868193,31.20489913648632
星巴克咖啡(虹桥天都店),天山路919号虹桥天都101,121.40013646583081,31.212631526357008
星巴克咖啡(远东国际店),仙霞路317号远东国际广场B栋1层,121.39656667442452,31.208208558373563
星巴克咖啡(兆丰店),江苏路369号兆丰国际大厦1楼(近愚园路),121.42689056114729,31.220736522959683
星巴克咖啡(新华店),定西路475号,121.41827640208348,31.20563720005761
星巴克咖啡(中山公园店),长宁路1027号兆丰广场F1层,121.41316120025576,31.219817282125454
星巴克咖啡(华山国际店),华山路1568财瑞大厦1层102室,121.42883886744877,31.207111648743805
星巴克咖啡(碧瑶店),延安西路1166号碧瑶行政公寓1层,121.42372969635271,31.21162498093052
星巴克咖啡(上海影城店),新华路160号上海影城1层001号,121.42503620609872,31.204170138644837
星巴克咖啡(定西路店),定西路1328号巴黎春天百货1层,121.41782276685807,31.21872850462691
星巴克咖啡(美丽华花园店),水城南路85号(近虹桥路),121.38785867798791,31.20027449695246
星巴克咖啡(古北店),水城南路20号一、二层,121.38980523255736,31.19565302661099
星巴克咖啡(静安嘉里中心东区),南京西路1515号上海嘉里中心1号楼1层106,121.44540015821259,31.226354889763247
星巴克咖啡(宝燕商城店),灵石路716号(宝燕商城1楼),121.4344081891585,31.283745546668655
星巴克咖啡(晶品),愚园路68号晶品L2层L2-09A,121.44219651420613,31.227381087705364
星巴克咖啡(久光百货店),南京西路1618号久光百货F1层S103室,121.44107610671577,31.22590065781096
星巴克咖啡(上海大悦城北座),西藏北路166号上海大悦城北座L9层N905,121.46790161408661,31.246391413813964
星巴克咖啡(江场二路店),江场二路77-79号,121.43946612520799,31.300151586381773
星巴克咖啡,中兴路1303号火车站北广场,121.45199178298289,31.25272102839389
STARBUCKS RESERVE ROASTERY,南京西路789号兴业太古汇F2层,121.45822603527704,31.232702754579254
星巴克咖啡(越商大厦店),万航渡路333号一层01单元,121.43267480638907,31.227468571178992
星巴克咖啡(泰州路店),泰州路409号1层,121.42915193416698,31.235370745561553
星巴克咖啡(凯德·星贸店),恒通路318号凯德星贸广场1层,121.45333025877476,31.243065398880702
星巴克咖啡(常德路店),常德路1042号,121.43639501233139,31.238825342640958
星巴克咖啡(上海大悦城北座)5,西藏北路166号上海大悦城北座L8层N810,121.46782837374516,31.2464481914033
星巴克咖啡(宏慧新汇园店),共和新路4750号城市新汇广场1层底商,121.44201302215853,31.320535501298856
星巴克咖啡(1788E.A.T),南京西路1788号1788EATF1层F1-9,121.43917103012923,31.224692725598416
星巴克咖啡(越洋广场3店),南京西路1601号越洋广场1层(芮欧百货),121.44299355856037,31.22499274246688
星巴克咖啡(金鹰店),陕西北路278号金鹰国际购物中心1楼(近南京西路),121.45000942232367,31.230625638315516
星巴克咖啡(中兴店),西藏北路558号上海铭德大酒店1层,121.46521752548493,31.252847396885283
STARBUCKS COFFEE,万荣路777号大宁音乐广场1层(广中西路口),121.43939861972707,31.281246115487654
星巴克咖啡(恒丰路店),恒丰路399号L101单元,121.45075303940764,31.246159185821845
星巴克咖啡(达安广场店),延安中路823号,121.45027858646479,31.225316703529682
星巴克咖啡(恒隆二店),南京西路1266号恒隆广场二期2层(一期3层天桥),121.4485085723673,31.230233569293834
星巴克咖啡(协信星光广场北区店),寿阳路99弄市北协信星光广场1层S101A,121.45443138417838,31.300102759598527
STARBUCKS COFFE,江场二路77、79号,121.43950020323163,31.30010366703655
星巴克咖啡(金融街静安中心店),万航渡路750号金融街(静安中心),121.42618974708009,31.22922564559286
星巴克咖啡(太阳城店),恒丰路299号隆宇国际商务广场中101-07号,121.45223012093611,31.244675162268376
星巴克咖啡(新闸路店),新闸路1250号10号楼1层5-10室,121.44753775806682,31.234295630062647
星巴克咖啡(四行天地店),西藏北路18号四行天地105单元,121.46753072739135,31.242844016775077
星巴克咖啡(汇银大厦店),南京西路汇银大厦762号1层d座,121.45803845553705,31.23307712352624
星巴克咖啡(达安花园店),长寿路1007号、1009号和999弄4号底层A室部分区域,121.42390505342226,31.23334595645862
星巴克咖啡(上海火车站北广场店),秣陵路303号上海站1F层,121.45209105529347,31.252669275464907
星巴克咖啡(静安嘉里中心东区)6,延安中路1218号嘉里中心商场B2层6室,121.44579119185723,31.225416126260182
星巴克咖啡(大宁店),共和新路1988号大宁国际商业广场5座1层114-117室,121.44852764987883,31.276190283350232
星巴克咖啡(上海大悦城南座),西藏北路166号上海大悦城南座L3层S316,121.4675265588583,31.244653188664824
星巴克咖啡(宝山路店),宝山路202号(近地铁4号线宝山路站),121.47222904677962,31.254804502417407
星巴克咖啡(珠江创意中心店),灵石路695号珠江创意中心3号楼1层大堂,121.44517545141333,31.286022223528864
星巴克咖啡(静安紫苑店),江宁路388号静安紫苑1-2层,121.4483697151469,31.236052587754138
星巴克咖啡(五月花生活广场店),芷江西路518号五月花生活广场一层101单元及二层201单元和239单元,121.45185693660746,31.25831826005762
STARBUCKS COFFEE(中信泰富广场),南京西路1168号中信泰富广场B1层LG12单元(近陕西北路),121.45079056274153,31.229658808824507
星巴克咖啡(市北高新园区店),江场三路238号1层(江场西路),121.43200667354027,31.295531012830107
星巴克咖啡(静安门大厦店),安远路555号玫琳凯大厦1层,121.43438000796186,31.239131877538284
星巴克咖啡(恒基688广场店),南京西路恒基688广场L106室,121.46007943081345,31.233609916893297
星巴克咖啡(多媒体谷店),多媒体谷产业园广中西路777弄65号102室,121.43510885746024,31.280229140371794
星巴克咖啡(芮欧百货),南京西路1601号越洋国际广场芮欧百货B210室,121.44312382620829,31.225401804392487
星巴克咖啡(恒汇大厦店),天目西路437-439号恒汇国际大厦1层,121.4478744310221,31.247919156580718
星巴克咖啡(洲际中心店),裕通路100号宝矿洲际商务中心1层,121.44905459380543,31.246226439985698
星巴克咖啡(800秀店),常德路800号800秀(近昌平路),121.43823509793451,31.235533027283072
星巴克咖啡(远中风华店),昌化路68号,121.45043000294224,31.236696764786576
星巴克咖啡(威海路店),威海路433、439号,121.45893044399746,31.22872732721101
星巴克咖啡(吴江路店),吴江路128号(近石门一路),121.45666655716981,31.2322741736766
星巴克咖啡(闸北太平洋店),天目西路218号太平洋百货1层A-1号,121.45243442634535,31.247550333658225
星巴克咖啡(威海路店)(装修中),成都北路333号上海招商局广场104A室,121.46219614621153,31.22980302409954
星巴克咖啡(百联中环购物广场),真光路1288号百联购物广场1层A-L101,121.37828238464014,31.247503212544437
星巴克咖啡(真北乐购店),长征镇铜川路1688号第一层L1026单元,121.38458182848981,31.254119980948673
星巴克咖啡(鸿运大厦店),武宁路503号1层102室,121.410727049783,31.245925683446373
星巴克咖啡(百联中环购物广场)7,真光路1288号百联中环购物广场F3层A-L310,121.37903473384975,31.247047823891325
星巴克咖啡(新邻天地店),武威路1285号新邻天地1层底商,121.3434634606722,31.283145752309107
星巴克咖啡(枣阳路店),金沙江路枣阳路592号,121.3970353971259,31.234157288862075
星巴克咖啡(长风景畔广场店),大渡河路168弄136号长风景畔广场1层101A室,121.38755075158312,31.22410818994539
星巴克咖啡(我格广场店),武宁路101号我格广场F1层L1-SPK2,121.4186578619601,31.239730507592874
星巴克咖啡(中江路店),长征镇中江路889号曹杨商务大厦,121.38711380925449,31.237463192728516
星巴克咖啡(平高国际广场店),安远路128号平高国际广场1层,121.4416999718742,31.24369165283996
星巴克咖啡(苏宁天御店),丹巴路99号苏宁天御国际广场B2座(云岭东路),121.3761274093961,31.225628053618358
星巴克咖啡(白丽广场店),武威路1118号115-116室,121.34352233795671,31.28314564859571
星巴克咖啡(中港汇店),长寿路868号中港汇大厦1层(近武宁南路),121.42608192028621,31.236858986789983
星巴克咖啡(巴黎春天长寿路店),长寿路155号巴黎春天百货F1层,121.43640152917831,31.244549757863155
星巴克咖啡(近铁城市广场店),真北路818号近铁城市广场B2层06-22单元,121.3777110313111,31.23483043136583
星巴克咖啡(汇融天地店),曹杨路555号汇融天地A座F1层,121.41363696115857,31.238677847574852
星巴克咖啡(118广场店),金沙江路1685号118广场4区咖啡金字塔(近真北路),121.37364335205785,31.234216368696263
星巴克咖啡(金沙广场店),金沙江路2239弄1号金沙和美广场F1层,121.36209270520108,31.239086588382467
星巴克咖啡(梅川路店),梅川路1297号,121.37498482601987,31.24614067134182
星巴克咖啡(品尊国际广场店),铜川路58弄21-22号品尊国际广场1层,121.41530379081999,31.25795247710822
星巴克(中远两湾城店),中潭路71号,121.43803907054202,31.254166288919347
星巴克咖啡(长风大悦城),大渡河路178号长风大悦城L101,121.39077336260941,31.22454180007967
星巴克咖啡(长城大厦店),中山北路3018号长城·弘基广场F1层,121.41050144615114,31.2395674306718
星巴克咖啡(芳汇广场店),长寿路1118号芳汇广场F1层L1-03,121.42270148613841,31.232407016054534
星巴克咖啡(财富时代店),长寿路136号财富时代大厦1层,121.43779839104212,31.244656110542522
星巴克咖啡(曲阳路店),曲阳路379号1楼1004单元,121.48675654703608,31.274879763831215
星巴克咖啡(合生财富广场店),大连路周家嘴路1089号合生财富广场,121.50296664698351,31.264704548154842
星巴克咖啡(瑞虹天地月亮湾),瑞虹路188号瑞虹天地月亮湾L1层L1-15,121.49455224476661,31.26606479262158
星巴克咖啡(嘉杰国际商业广场店),四川北路1689号嘉杰国际广场1层110、202室,121.47826297998913,31.260620022169345
星巴克咖啡(株洲路店),株洲路329号1-2层,121.46110753443374,31.2798901866469
星巴克咖啡(申虹广场店),四川北路1350号中信泰富申虹广场1楼(近武进路),121.48065475366501,31.254885451134996
星巴克,四川北路1689号嘉杰国际广场1层110、202室,121.47819877798496,31.260396934723126
星巴克咖啡(甘河路店),中山北一路与逸仙高架路入口交叉口东南150米,121.48312531816237,31.29103037987445
星巴克咖啡(1933老场坊店),沙泾路10号1933老场坊1层,121.48734419815318,31.25656838778576
星巴克咖啡(东宝兴路店),东宝兴路777号世纪联华1层1017F01002单元,121.47057271295895,31.26486354208318
星巴克咖啡(虹口龙之梦店),,121.46876209625323,31.273146068283015
星巴克咖啡(凯德龙之梦虹口店A座),西江湾路388号凯德龙之梦虹口店A座L1层,121.4742844302848,31.272243706824653
星巴克咖啡(四平路店),四平路188号113、116室,121.48663500746636,31.264394874519823
星巴克咖啡(瑞虹天地店),瑞虹天地天虹路320号、天宝路280弄1号,121.49296954033177,31.266136019477848
星巴克咖啡(公平路店),公平路36号B1层3-2单元,121.50304497155149,31.252354184393
星巴克咖啡(大柏树店),汶水东路351号1876老站创意园1幢101-102室,121.4777173576964,31.292733992968294
星巴克咖啡(上海滩国际大厦店),黄浦路99号上海滩国际大厦1层111室,121.48758786685208,31.24716028785933
星巴克咖啡(国际港务大厦店),东大名路358号国际港务大厦1层,121.49134420054614,31.24844191605182
星巴克咖啡(甜爱路店),甜爱路四川北路2258号,121.478329408574,31.269985179350925
星巴克咖啡(瑞虹店),临平路1号10-11单元(近飞虹路),121.49518983652239,31.262592203271502
星巴克咖啡(君欣时代广场店),控江路1777号一层L119室,121.51057473675763,31.27588218891707
星巴克咖啡(国和路店),国和路1000号国和1000广场1层,121.52199802982861,31.320438702629808
星巴克咖啡(绿源天地广场店),世界路133号和758号101室,121.52132149920438,31.323887581319934
星巴克咖啡(建发国际大厦店),秦皇岛路58号1室,121.51197252595354,31.253402937673993
星巴克咖啡(五角场万达B1店),淞沪路77号B1层B1058室,121.5086967556046,31.303877353232046
星巴克咖啡(大学路店),大学路318号,121.50301741324354,31.30508211151879
星巴克咖啡(凯迪·新都汇店),翔殷路1088号凯迪·新都汇F1,121.51412678625516,31.303620168147212
星巴克咖啡(太平洋森活店),淞沪路199号太平洋森活地下广场B1层,121.50989585148311,31.30548922626721
星巴克咖啡(控江旭辉MALL店),控江路2028号旭辉商业广场1号楼1F-02,121.50512047851525,31.275059527048693
星巴克咖啡(同济晶度店),逸仙路23-1号一层A室,121.4854912212378,31.296364206499117
STARBUCKS COFFEE8,双阳支路135137号,121.53689081822415,31.277094614608604
星巴克咖啡(合生汇),翔殷路1099号上海合生国际广场B1(黄兴路),121.51371948908725,31.30227153184636
星巴克咖啡(三湘世纪花城店),逸仙路519号1-2楼,121.4830641655693,31.302011822528616
星巴克咖啡(佳木斯路店),五角场镇佳木斯路488号,121.53076002481431,31.296147992242084
星巴克咖啡(安波路店),安波路419号附近,121.52651704166966,31.30456080820998
星巴克咖啡(百联滨江店),宁国路218号百联滨江购物中心L1层1A-024室,121.53335936940053,31.266512700509324
星巴克咖啡(东方蓝海店),关山路73-75号东方蓝海国际广场,121.51723437102208,31.292748287331136
STARBUCKS COFFEE9,江浦路与惠民路交汇处,121.52103871135178,31.262556465571247
星巴克咖啡(五角场万达影城店),五角场万达商业广场万达影城国宾路58号3层,121.50891861089839,31.303036331497115
星巴克咖啡(湾谷科技园店),国权北路1688弄63号(湾谷科技园),121.49879091662422,31.343923193675383
星巴克咖啡(国康路店),国康路38号(邮电设计院)一楼,121.49987152538125,31.28833040299686
星巴克咖啡(星汇广场店),江湾城路99号尚浦商务中心6幢1楼109,121.50115728462488,31.32216807056717
星巴克咖啡(Z18广场店),政德东路53号嘉凯城Z18广场1层,121.51362340164283,31.31121978597402
星巴克咖啡(紫荆广场店),控江路1628号紫荆广场1层(新华医院),121.51351988447966,31.277488016422534
星巴克咖啡(长阳谷店),长阳路1687号长阳谷7号楼7101,121.52973577362364,31.27337777584117
星巴克咖啡(复旦软件园店),隆昌路586号,121.53901380988988,31.277244421563342
星巴克咖啡(文通大厦店),昆明路739号文通大厦1层101单元,121.51148481196243,31.265385295033088
星巴克咖啡(三号湾店),国定路333号三号湾广场1层,121.50482946496491,31.298413113437796
星巴克咖啡(中原城市广场店),国和路701号5座,121.5173878290421,31.317277158635175
星巴克咖啡(绿色米兰广场店),国权路73号绿色米兰广场1层,121.51388105577956,31.290321762794655
星巴克咖啡(政立路店),政立路477号创智科技中心1层,121.5042653965821,31.310840593383233
星巴克咖啡(同济联合广场店),彰武路48号同济联合广场A区1层,121.50277633671632,31.28395286376907
星巴克咖啡(东方商厦),四平路2500号悠迈生活广场1层,121.51155209527374,31.30041002595376
星巴克咖啡(尚浦中心店),江湾城路99号尚浦商务中心6幢1层109a,121.5058252881498,31.31888616254364
星巴克咖啡(宝地广场店),大连路688号宝地广场A座102单元,121.50698910514528,31.26356495067268
星巴克咖啡(时尚中心店),杨树浦路2866号上海国际时尚中心1层,121.55416188971047,31.272976456729285
星巴克咖啡(北美广场店),昆明路508号安莉芳大厦1层,121.50816339930813,31.262038063172252
星巴克咖啡(创智店),淞沪路252-256号A1-24,121.50944609631352,31.307501133867042
星巴克咖啡(百联又一城购物中心),淞沪路8号百联又一城1层6号,121.5114123373375,31.303595369766576
星巴克咖啡(七宝万科广场1F店),漕宝路3366号L1层151B单元七宝万科广场,121.34962365927123,31.160465890086606
星巴克咖啡(漫游城步行街店),,121.39278253610055,31.135504255849256
星巴克咖啡10,顾戴路2337号丰树商业城塔楼E楼1层102铺位,121.35643455099134,31.131064742364014
星巴克咖啡(百联南方购物中心),沪闵路7388号百联南方购物中心2F层,121.39647017750933,31.133544809316156
星巴克咖啡(万辉国际广场店),虹梅南路863号6幢1层01室,121.41772064122605,31.126797337383938
星巴克咖啡(万达广场颛桥店),颛桥镇颛兴东路1559号万达广场(颛桥店)F1层1001A,121.4007766641675,31.073488298601145
星巴克咖啡(红松路店),红松路227号和235号102A室,121.36536855266546,31.183498052799397
星巴克咖啡(新地中心店),申滨南路绍虹路218号新地中心1层,121.30801911687489,31.195461168680865
星巴克咖啡(兴梅路店),兴梅路1234号1-2层、兴梅路1238、1236号1-2层,121.40661464256173,31.107485749393195
星巴克咖啡(吴泾宝龙店),剑川路438号吴泾宝龙广场1层底商,121.44680860144261,31.040706832183243
星巴克咖啡(龙吴路店),108-109单元,121.46309173435039,31.044697657718448
星巴克咖啡(怡丰城店),七莘路1507号地上一层01-026号,121.35882522876197,31.13335799920317
星巴克咖啡(尼克互盛大楼店),虹许路528号尼克互盛大楼7号楼,121.38848527981298,31.189998318900408
星巴克咖啡(新华联购物中心店),申滨路473号新华联购物中心南区1层L1-09号,121.30473953893464,31.203274249408874
星巴克(龙湖虹桥天街购物中心B馆),申滨南路1126号龙湖虹桥天街购物中心B馆F1层B-L1-23,121.30883651623067,31.193244770084007
星巴克咖啡(宝燕商城店)11,春申路3333号1楼149室,121.39143949261704,31.105675866487783
星巴克咖啡(七宝万科广场),漕宝路3366号七宝万科广场F5层,121.34630459456787,31.15653353335146
星巴克咖啡(宝龙城2店),漕宝路3299号,121.3509072591644,31.159543267004796
星巴克咖啡(永德弘基广场店),永德路419号弘基时尚生活中心1层,121.45187147967269,31.043137398217862
星巴克咖啡(虹桥综合交通枢纽),虹桥路2550号虹桥综合交通枢纽F5层3F-C4,121.31737113934204,31.19642819956406
星巴克咖啡(1699广场店),古北路1699号一层102单元,121.39824723184971,31.190337305383064
星巴克咖啡(虹桥天地店),申长路988号地下一层18室,121.3097829631653,31.198719325887623
星巴克咖啡(浦江生活广场店),江月路浦江生活广场1层,121.4998456247941,31.084652354440692
星巴克咖啡(近铁虹桥中心店),合川路625号附近,121.37528218169601,31.180998561402042
星巴克咖啡(虹桥天地南区购物中心),申长路688号虹桥天地B1层18室,121.31130993418766,31.194585534991106
星巴克咖啡(万象城吴中路店),吴中路1799号万象城(吴中路店)F2层,121.36457367789114,31.172555608952525
星巴克咖啡(虹桥综合交通枢纽)12,虹桥路2550号虹桥综合交通枢纽F3层,121.32480436235328,31.194460933141244
星巴克咖啡(虹桥火车站出发区店),虹桥路2550号虹桥综合交通枢纽F4层2F-北1,121.31716758927092,31.196568517914635
星巴克咖啡(凯德龙之梦购物中心莘庄店),沪闵公路6088号凯德龙之梦1层01-27号,121.3744992281005,31.109660106904883
星巴克咖啡(诺宝中心店),漕宝路1688号诺宝中心大酒店1层(漕宝路星东路),121.36803386908308,31.15952712583985
星巴克咖啡(新骏环路店),浦江镇新骏环路188号8幢102-2室,121.51560957380394,31.092936876834273
星巴克咖啡(丽婴房大厦店),七莘路1855号丽婴房大楼1层(华中路),121.35700293324358,31.138238038345527
星巴克咖啡(十尚坊店),龙茗路1025号814单元,121.38182074400186,31.139774836518935
星巴克咖啡(虹桥西航站一店),申达一路1号虹桥机场T2候机楼C3-M2-S28(近6号出口),121.31885184446618,31.195597784502596
星巴克咖啡(龙盛广场店),都市路3759号龙盛国际商业广场内,121.39461834830517,31.08757732952111
星巴克咖啡(华漕旭辉店),保乐路69号5号楼118单元,121.28676306203002,31.20974714572939
星巴克咖啡(申北路店),申北路8号2幢1层A8103/A8106,121.38137507162718,31.093962236969805
星巴克咖啡(虹桥天地一店),申长路900号虹桥天地广场2号楼1层103单元,121.31010341240288,31.19688663616171
星巴克咖啡(古美文创街店),文化创意街古美路569号1层,121.39998216875182,31.146874766502954
星巴克咖啡(万源城店),万源路930-936号,121.38931034583642,31.150675185370012
星巴克咖啡(虹桥机场T2到达店),迎宾大道8000号虹桥机场T2航站楼到达区1层,121.32186491941138,31.196230700781058
星巴克咖啡(老闵行生活广场店),鹤庆路900号老闵行生活广场A4单元,121.39937712125763,31.008235026209462
星巴克咖啡(乐虹坊店),虹井路288号乐虹坊1层103单元,121.36674899214641,31.178621825550856
星巴克咖啡(虹桥国际商务广场店),合川路2679号(虹桥国际商务广场B座103室),121.37877873699694,31.169329541832596
星巴克咖啡(畹町路店),畹町路118-122号,121.39764141642826,31.107526978373787
星巴克咖啡(银杏广场),陈行路2388号浦江科技广场1号楼银杏广场F1层,121.50229723428247,31.098781745859803
星巴克咖啡(虹桥综合交通枢纽)13,虹桥路2550号T2航站楼3层出发区,121.32321390277093,31.195497473708784
星巴克咖啡(新都会店),莲花南路1500号梅陇镇新都会15-B单元,121.40863939912958,31.09981889932818
星巴克咖啡(莘庄仲盛店),都市路5001号仲盛世界商城F1层GF12,121.38249895511406,31.108416448421846
星巴克咖啡(南方商城店),沪闵路7388号百联南方购物中心1F层,121.39656716912984,31.133589779931246
星巴克咖啡(汇宝广场店),漕宝路3459号汇宝购物广场C区1层,121.3455130694599,31.158085085491557
星巴克咖啡(吴中路店),吴中路1169号-1号,121.3803655670481,31.17829176827498
星巴克咖啡(金丰路店),金丰路447号,121.28027698156153,31.205207942363153
星巴克咖啡(虹梅路店),虹梅路3188-1号,121.38282462799643,31.189931254057875
星巴克咖啡(七莘路店),七莘路3655号凯德七宝购物广场F1层,121.33735356294821,31.167100020370597
星巴克咖啡(纬地路店),罗泾镇纬地街路61号甲,121.40160763763477,31.32822867621799
星巴克咖啡(龙湖宝山天街),龙湖宝山天街,121.35861791895579,31.35931597142859
星巴克咖啡(宝山同济创园店),淞良路10号101-1,121.48733640661904,31.335947737303037
星巴克咖啡(殷高西路地铁站店),殷高西路10弄2号101102-1室,121.47993951033149,31.32224498403853
星巴克咖啡(北翼生活广场店),水产路2449号北翼生活广场B栋1层,121.43829372368212,31.367927286890385
星巴克咖啡(宝山购物中心店),共和新路5219号宝山购物中心1层,121.43981037288334,31.32894829597621
星巴克咖啡(朗香嘉年华店),华秋路58弄21号一层、22号一层,121.37682028411301,31.32208380688321
星巴克咖啡(场北路店),场北路38号,121.43339261925328,31.33704449386701
星巴克咖啡(宝乐汇店),牡丹江路1569号宝乐汇1F层F127,121.4805217391507,31.401583888873237
星巴克咖啡(宝山宝龙广场店),杨南路2211号宝山宝龙城市广场F1层,121.35388559131904,31.39028546656635
星巴克咖啡(顾村公园店),陆翔路111弄119号绿地正大缤纷城1层,121.36678119689525,31.347809014286728
星巴克咖啡(武威东路店),华灵路1788弄枫庭丽苑南门,121.40339647611431,31.27837655744028
星巴克咖啡(菊盛路店),菊盛路936-940号,121.36385903608499,31.36435916112418
星巴克咖啡(北上海生活广场店),蕴川路1555号北上海广场1层1330-1389,121.42855541477422,31.36782803442846
星巴克咖啡(吴淞口国际邮轮港店),宝杨路1号客运大楼1层上海吴淞口国际邮轮港,121.50424783305172,31.411106855726256
星巴克咖啡(宝钢商场店),友谊路与牡丹江路交叉口西北50米,121.47734330102551,31.40671331318381
星巴克咖啡(长江西路店),长江西路2211号易买得长江店1层,121.43559720441391,31.333339372228615
星巴克咖啡(大华三路店),大华三路81号美隆生活广场1层A5室,121.41428815004147,31.277486335171634
星巴克咖啡(殷高西路店),殷高西路333号3-152、3-153单元,121.46834448848956,31.322702268904298
星巴克咖啡(聚丰园路店),聚丰园路91弄1号楼116-117室,121.38091300032168,31.31711347394683
星巴克咖啡(红太阳商业广场店),通河路537-1、539号红太阳商业广场1层(呼玛路口),121.44104526616245,31.338588129501467
星巴克咖啡(真华路店),真华路928号101号,121.40647215942323,31.2730887654113
星巴克咖啡(美兰湖店),罗芬路1088号世纪联华1层,121.34639784630038,31.404655673871837
星巴克咖啡(诺亚新天地),牡丹江路318号诺亚新天地1F层,121.49135068430695,31.384009962372957
星巴克咖啡(共康路店),共和新路5000弄5号绿地风尚天地广场1层,121.44043922354913,31.32355242660165
星巴克咖啡(乐购大华店),大华路518号乐购大华店1层S1、S2单元,121.40992217249632,31.272596585451836
星巴克咖啡(宝山安信店),牡丹江路1238号安信商业广场B区1层,121.4840808060446,31.394918177703424
星巴克咖啡(万达广场)(装修中),万达广场一二八纪念路988弄1号1层119号,121.44331154932357,31.325997991529785
星巴克咖啡(嘉尚坊店),嘉怡路309号嘉尚坊F1层,121.3430567860538,31.266142637731903
星巴克咖啡(中信泰富万达广场店),胜辛路447号中信泰富万达广场1层,121.24996374380886,31.332855722880566
星巴克咖啡(嘉定同济科技园店),绿苑路587号,121.20655841653377,31.28221086870674
星巴克咖啡(威隆大厦店),曹安公路1688号威隆大厦一层四单元,121.35991178275226,31.255749119383818
星巴克咖啡(华泰中心),金运路355号华泰中心,121.31560640802837,31.239808953028827
星巴克咖啡(嘉定宝龙城市广场店),阿克苏路1099号嘉定宝龙广场1层,121.25585879094062,31.348472527700658
星巴克咖啡(嘉亭荟店),墨玉南路1055号嘉亭荟城市生活广场108室,121.15727274625755,31.289406830912274
星巴克咖啡(大融城),宝安公路3386号大融城F1层131,121.27454732129276,31.33200948483586
星巴克咖啡(百联嘉定购物中心),百联嘉定购物中心1层,121.27380853670164,31.387612029433303
星巴克咖啡(台北风情街店),马陆镇白银路288号1层,121.25632993431275,31.355311027502616
星巴克咖啡(max未来店),海波路616号,121.33055971033973,31.270709739799727
星巴克咖啡(上海大众店),于田路7号2号楼1F-1单元,121.18347153083756,31.289068591714155
星巴克咖啡(乐坊广场店),金鼎路2218号乐坊精致生活广场东区1F层,121.36088375405383,31.260761571541753
星巴克咖啡(中暨大厦店),南翔镇银翔路819弄1号04单元中暨大厦,121.31488172835462,31.289949706201632
星巴克咖啡(南翔五彩城店),宝翔路801号118单元上海华润五彩城购物中心,121.3126826086826,31.313926419940007
星巴克咖啡(江桥老街店),华江公路与虞姬墩路交叉口北50米江桥老街西区F1层,121.33818294023258,31.25747719177132
星巴克咖啡(万达广场),金沙江西路1051弄江桥万达广场1层100号1100单元,121.31974876166706,31.242533822391508
星巴克咖啡(嘉实生活广场店),嘉松北路6130号,121.21551507362021,31.289605521156492
星巴克咖啡(嘉定疁城国际店),塔城路295号,121.2516106682129,31.385639035646427
星巴克咖啡(南翔店),佳通路31弄3号中冶祥腾城市广场3层(近11号线南翔站),121.3180578007519,31.298368294420094
星巴克咖啡(嘉定罗宾森店),城中路138号罗宾森购物广场1层L1-1,121.2411992800503,31.38660723812862
星巴克咖啡(沃尔玛店),临沂北路252号沃尔玛1楼,121.5138219834296,31.20551750487733
星巴克咖啡(曹路宝龙店),金海路2505号宝龙城市广场一期步行街1层,121.64835164465582,31.26833756664327
星巴克咖啡(世博源店),世博大道1368号世博源3区L1层3L130室,121.48860985779312,31.184231314648716
星巴克咖啡(正大广场),陆家嘴西路168号正大广场B2层,121.49571475927569,31.238628442557903
星巴克咖啡(世纪汇广场店),世纪大道1192号世纪汇广场LG1层002号,121.52293775144372,31.22951647463913
星巴克咖啡(高桥新城店),高桥镇夏碧路519号夏碧路莱阳路交叉路口,121.57916385957414,31.336233438531128
星巴克咖啡(新天地店)14,茉莉路225弄港城新天地A座1层,121.9019265062652,30.89696163849702
星巴克咖啡(江镇新都汇店),祝桥镇江晖路409弄D区51号新都汇广场1层,121.73511327594908,31.174888423507472
星巴克咖啡(航科大厦店),源深路92号航科大厦,121.52500640716688,31.24235211192988
星巴克咖啡15,秀浦路2555号,121.60331660307341,31.13274069922534
星巴克咖啡(中建广场店),高科西路中建广场乐荟天地1层,121.50378608036605,31.18770795043445
星巴克咖啡(LCM置汇旭辉广场),LCM置汇旭辉广场,121.5500529043701,31.245291188882614
星巴克咖啡(唐镇阳光城店),高科东路777号阳光天地商业广场1层,121.6525243589257,31.216287646717394
星巴克咖啡(外高桥店),外高桥保税区五号门台中南路68号1幢,121.60342230898162,31.31730972122021
星巴克咖啡(羽山路二店),羽山路116-118号,121.53413554557311,31.232138925814056
星巴克咖啡(东建路店),东建路209-213号,121.52894108726241,31.20418430344597
星巴克咖啡(上海浦东国际机场),迎宾大道6000号上海浦东国际机场2F层,121.80562832556238,31.156300380249316
星巴克咖啡(2049翡翠公园),荣科路280号2049翡翠公园F1层,121.60539294305283,31.18123036660182
星巴克咖啡(森兰仁恒店),东煦路与兰谷路交叉口西南50米,121.58767117477873,31.298068610277234
星巴克咖啡(成山路家乐福店),成山路1111号,121.5158864764549,31.17712449994756
星巴克咖啡(金杨第一商城店),金杨路618-628号金杨第一商城1层,121.57702568333549,31.252320621418527
星巴克咖啡(百联东郊店),沪南路2420号百联东郊购物中心F1层,121.55967784016536,31.156055042483437
星巴克咖啡(周浦绿地缤纷广场店),年家浜路238号1楼101单元,121.58977017111948,31.115859703979748
STARBUCKS COFFEE16,长岛路1156-1158号金桥翡翠坊F1层,121.5880722731311,31.263048270985934
星巴克咖啡(川沙金汇广场店),华夏东路2255号金汇广场F1层03铺,121.69135848331396,31.202263088731673
星巴克咖啡(巴黎春天百货),浦建路118号巴黎春天百货F1层,121.51518123415332,31.21075884688071
星巴克咖啡(金桥太茂店),金桥太茂广场1层,121.6043230648024,31.268796859875486
星巴克咖啡(世纪大都会B1店),福山路312号B1层07单元,121.52319339740662,31.23180310241903
星巴克咖啡(惠南禹洲商业广场店),沪南公路9936号惠南禹洲商业广场,121.73357475793017,31.042029269904187
星巴克咖啡(川沙店),川沙路5500号浦东绿地铂骊酒店1层,121.69505077340376,31.186456764077647
星巴克咖啡(上海浦东国际机场)17,迎宾大道6000号上海浦东国际机场3F层,121.80636032377107,31.153526123204475
星巴克咖啡(森宏生活广场店),长清路1200号森宏购物广场1层底商,121.48802054567317,31.15131751268377
星巴克咖啡(富都广场店),东方路1367号富都广场1层,121.52433560049667,31.214106491323573
星巴克咖啡(金桥佳邻坊店),金高路1757号佳邻坊商业中心1层,121.60595128255419,31.271265994840554
星巴克咖啡(花木plus乐坊店),芳甸路1364号大唐PLUS乐坊,121.558648418825,31.20956552154304
星巴克咖啡(富荟商业广场店),樱花路80弄1号,121.54113149383667,31.206897997451417
星巴克(上海奕欧来奥特莱斯店),申迪东路88号上海奕欧来奥特莱斯月牙畔1100,121.67484164147736,31.14114541831088
星巴克咖啡(迪士尼小镇店),国际度假区申迪西路255弄602号,121.65773877425855,31.141288988680603
星巴克咖啡(哈雷路店),哈雷路882号,121.5995208491434,31.198553996834733
星巴克咖啡(昌里路店),上南路1206,121.49042408889122,31.175481155769173
星巴克咖啡(上海浦东国际机场)18,启航路300号上海浦东国际机场3F层,121.80869347986292,31.147890245429192
星巴克咖啡(南汇工业园店),沪南公路8666弄16号研发楼1层101单元,121.68484766211763,31.03733211794952
星巴克(传奇广场),碧波路635号上海传奇104 1F24-23B室,121.58123572379435,31.203081285922803
星巴克咖啡(金领之都店),金海路1000号19号楼1层,121.61761526878689,31.264257154322586
星巴克咖啡(久金购物中心店),张杨路3918号1楼03室2楼03室,121.5769831759089,31.25791112334977
星巴克咖啡(阳光城店),启帆路与张杨北路交叉口西南100米,121.58451395559513,31.314604155413463
星巴克咖啡(万嘉广场店),东靖路1881号万嘉商业广场1层(近新行路),121.6053624922445,31.295554269272095
星巴克咖啡(高桥红坊店),外高桥保税区张杨北路5758号,121.56961347781676,31.34892789298585
星巴克咖啡(江苏大厦店),崂山东路526号江苏大厦1层,121.5192013337135,31.229578228656845
星巴克咖啡(陆家嘴国际华城店),张杨路1553号,121.5330780347126,31.236503350619746
星巴克咖啡(纳贤路店),纳贤路800号2号楼105室,121.60149209015167,31.180307504277042
星巴克咖啡(海桐路店),海桐路338号世纪联华1层(近花木路),121.54700833911238,31.211784921452576
星巴克咖啡(亿丰时代广场店),云台路800号亿丰时代广场F1层,121.50350906957608,31.164201095357818
星巴克咖啡(世界广场店),浦东南路855号世界广场1层,121.51044880651894,31.234190199392245
星巴克咖啡(佛罗伦萨小镇),卓耀路58弄127号2层206-207室,121.75978721990624,31.198241035438244
星巴克咖啡(禹州广场店),金港路299号禹州广场,121.60796055900994,31.257293887405588
星巴克咖啡(海上传奇广场店),御桥路1949号vanke2049海上传奇F1层L106,121.56743380175023,31.16114666955618
星巴克咖啡(信息大厦店),世纪大道211号上海信息大厦1层,121.50623361100527,31.237574293422018
星巴克咖啡(证大五道口店),民生路1199号证大五道口广场1号楼,121.54563749773244,31.228715152769855
星巴克咖啡(齐河路沃尔玛店),齐河路258号1层F0103单元,121.49881377987994,31.18118339363395
星巴克咖啡(夏碧路店),夏碧路261号1层3777F01042单元,121.58278065116825,31.339582262833435
星巴克咖啡(浦东机场T2店),浦东机场迎宾大道8000号T2航站楼2层,121.8043695793015,31.153045892406517
星巴克咖啡(中建大厦店),世纪大道1588号中建大厦1层102A,121.5291990813529,31.22585061150847
星巴克咖啡(鸿音广场店),南芦公路1755弄鸿音广场7号楼1-2层,121.81531652436239,30.911894303388554
星巴克咖啡(潍坊西路店),潍坊西路92号,121.51185955335006,31.22461873854589
星巴克咖啡(长泰广场店),祖冲之路1239弄6号10号楼1层05-159单元(金科路地铁站),121.59806817948403,31.207574930900357
星巴克(新大陆广场南楼),南泉北路528号新大陆广场南楼F3层,121.51449715644891,31.2312442222582
星巴克咖啡(临港豪生酒店店),Y52路附近,121.81526047947779,30.874290239360775
星巴克咖啡(27号登机口店),1号候机楼国际出发禁区商业区,121.79945828431137,31.150657816579425
星巴克咖啡(汇商大厦店),民生路1286号102、103、105单元汇商大厦1层(丁香路口),121.54496294204125,31.226759684236185
星巴克咖啡(惠南世纪联华店),惠南镇城东路384号1层(世纪联华),121.7593328378964,31.055250021981
星巴克咖啡(汇智国际店),金科路3057号汇智国际商业中心F1层,121.5970033055274,31.205926921151402
星巴克咖啡(利津路店),利津路1275号,121.58947219805647,31.283618852080963
星巴克咖啡(紫竹大厦店),芳甸路1088号紫竹国际大厦,121.55725529967984,31.213684366374423
星巴克咖啡(浦东星河湾店),锦绣路2580号星河湾商业街1号101,121.53373334607966,31.196246122927015
星巴克咖啡(唐镇恒生店),上丰路1702号唐镇恒生广场101室,121.67329409791748,31.24274795070371
星巴克咖啡(金桥国际店),张杨路3611号金桥国际商业广场2座2层,121.57487876873004,31.258845067566398
星巴克咖啡(陆家嘴公馆店),张杨路1550号陆家嘴公馆,121.53718902984994,31.236833984249607
星巴克咖啡(陆家嘴软件园二店),东方路1217号陆家嘴金融服务广场1层100单元,121.52613091922997,31.219650599033873
星巴克咖啡(上海湾店),浦东南路1138号上海湾1层,121.50928717089243,31.228809305642503
星巴克咖啡(陆家嘴世纪金融广场店),杨高南路729号陆家嘴世纪金融广场,121.53077483799537,31.21518663510614
星巴克咖啡(碧波路店),碧波路889号,121.58303435166921,31.200541434516087
星巴克咖啡(上海第一八佰伴新世纪商厦),张杨路501号上海第一八佰伴新世纪商厦F10层,121.51208785325797,31.230529639942766
星巴克咖啡(中华艺术宫店),上南路161号中华艺术宫1层序厅,121.49032179175005,31.18646330063797
星巴克咖啡(中融广场店),浦东南路1068号中融国际商城1层09A室,121.51111546901166,31.23034191409135
星巴克咖啡(晨达广场店),巨峰路1058弄1号新紫茂广场F1层,121.60508171410497,31.282032919646245
星巴克咖啡(大拇指店),芳甸路197号证大·大拇指广场1层,121.5547107009147,31.229278826702195
星巴克咖啡(联洋广场店),芳甸路300号联洋广场1层,121.5539090331124,31.228495822245122
星巴克咖啡(碧云路店),碧云路1156-1160号,121.58447573584903,31.244494340834034
星巴克咖啡(锦延路店),锦延路219号(近上海科技馆),121.53641935593062,31.218438774735382
星巴克咖啡(浦东软件园店),浦东软件园晨晖路1000号浦东软件园祖冲之园1号楼116-a室,121.59760762864813,31.20216765131805
星巴克咖啡(文峰广场店),张杨北路801号文峰广场F1层,121.58341555945451,31.273968007366047
星巴克咖啡(展想大厦店),祖冲之路2290弄展想广场1层,121.6242786644137,31.213138242021188
星巴克咖啡(张江创新园店),牛顿路350号IBM大厦1层,121.58699633826423,31.207219661293742
星巴克咖啡(科技馆地铁站店),世纪大道2002号B1层,121.54102702775958,31.221114963204776
星巴克咖啡(万达广场)19,周浦镇年家浜路518号万达广场1层156-157,121.5648182451758,31.117177003396993
星巴克咖啡(越秀大厦店),福山路388号越秀大厦101室(近浦电路),121.52653861566083,31.226884263031007
星巴克咖啡(由由世纪广场店),杨高南路428号由由世纪广场1号楼1层A单元,121.53044245922855,31.21948175768403
星巴克咖啡(金谊广场店),上南路4467弄20号中房金谊广场1层101-1室,121.5091098286058,31.14218218717724
星巴克咖啡(汤臣国贸大厦店),基隆路1号汤臣国际贸易大厦,121.58377234213064,31.352028420941664
星巴克咖啡(未来资产大厦店),陆家嘴环路166号未来资产大厦1层102室,121.49566770831733,31.237228941168738
星巴克咖啡(汇亚大厦店),陆家嘴环路1233号汇亚大厦1层大厅,121.49986334157339,31.242900927487185
星巴克咖啡(南洋商业银行大厦店),世纪大道800号南洋商业银行大厦1层,121.51015468610521,31.23522086954432
星巴克咖啡(通用电气店),张江高科技园区华佗路1号2号办公楼1层A区,121.57907961744104,31.19324085114168
星巴克咖啡(东方浮庭店),世纪大道55号世纪浮庭2层,121.49781114698469,31.240590832075757
星巴克咖啡(陆家嘴软件园店),峨山路91弄98号陆家嘴软件园1号楼1层(近东方路),121.52757751885561,31.219617384110382
星巴克咖啡(滨江店),滨江大道富都段滨江公园内(富城路名商路),121.49301918610861,31.237063079062676
星巴克咖啡(浦东嘉里城店),花木路1378号浦东嘉里城商场1层L110,121.5587792862122,31.214260465403516
星巴克咖啡(巴黎春天成山店),成山路1993号巴黎春天(成山店)F1层,121.53038951687138,31.18088454050668
星巴克(金茂时尚生活中心),世纪大道88号金茂大厦JLIFE时尚生活中心2层,121.50069979100445,31.237689797972823
星巴克咖啡(国金中心商场),世纪大道8号上海国金中心D座商场B2层,121.4980782736646,31.238649516587643
星巴克咖啡(耀华路店),世博大道1200号(梅赛德斯-奔驰文化中心1层),121.48805328828581,31.19110721910004
星巴克咖啡(花旗店),花园石桥路33号花旗集团大厦1层,121.49601004057136,31.236062502000504
星巴克咖啡(张杨路店),张杨路655号福兴大厦1层,121.51535716170376,31.23073390569767
星巴克咖啡(浦项店),世纪大道1600号陆家嘴商务广场(近浦电路),121.5302342837961,31.22588521748357
星巴克咖啡(蔡伦路店),蔡伦路780张江药谷大厦1层,121.60296747048815,31.19603507813447
星巴克咖啡(航运金融店),浦东大道720号国际航运金融大厦1层,121.52045348786262,31.24198598684645
星巴克咖啡(银城中路店),银城中路68号时代金融中心2层,121.50212844751985,31.243320500586837
星巴克咖啡(外高桥店)20,加枫路24号,121.60145786636897,31.31599697780446
星巴克咖啡(森茂店),陆家嘴环路1000号恒生银行大厦,121.50298260402582,31.24222154152283
星巴克咖啡(中惠广场店),新金桥路1088号中惠广场1层,121.60482402522909,31.255214525259998
星巴克咖啡(环球金融店),世纪大道100号上海环球金融中心商场101室,121.50335539328299,31.236851097106594
星巴克咖啡(九六广场),东方路796号九六广场F1层153,121.52047156544207,31.22985360564894
星巴克咖啡(长泰金融店),世纪大道1859号长泰金融国际大厦1层大厅,121.5303033849096,31.22722276606398
星巴克咖啡(金桥店),碧云路633号碧云国际社区碧云体育休闲中心1-2层,121.57886440138753,31.241778627196016
星巴克咖啡(正大二店),陆家嘴西路168号正大广场1层(近东方明珠),121.49569064317481,31.23897321295228
星巴克咖啡(金山枫泾古镇店),枫泾镇北大街256号,121.01227836125983,30.890888392518082
星巴克咖啡(万达广场)21,龙皓路1088号金山万达1层1002,121.32977060404647,30.75581420825943
星巴克咖啡(五福商业广场店),东风路9-11,121.16138566606702,30.894195453077533
星巴克咖啡(金山工业园区店),夏宁路818弄70号联东U谷商务中心1层,121.31021271734657,30.838345143506714
星巴克咖啡(易家中心店),城河路230号易家中心3-101,121.32332610212684,30.733262214620137
星巴克咖啡(百联金山购物中心),近郊金山区卫清西路188号百联金山购物中心1层(近松卫南路),121.34319316283685,30.734793291980214
星巴克咖啡(松江开元广场店),新松江路925号开元地中海商业广场1F层1168、1001,121.21557525615347,31.039775838765024
星巴克咖啡(松江泗泾保利店),泗泾镇泗宝路41号一层103室,121.25608217866757,31.118313296572136
星巴克咖啡(松江乐尚天地广场店),南乐路456号6幢一层3101-3102A室,121.29141327961486,31.027012484819362
星巴克咖啡(五龙广场店),光星路1399号五龙商业广场1层108单元,121.23645023782842,31.05872859037766
星巴克咖啡(飞航广场店),玉树路2559号飞航广场1幢1层159-160单元,121.20398160903264,31.011263265361475
星巴克咖啡(万达广场)22,广富林路658号万达广场F1层1031-1032,121.23967277922503,31.059988736653946
星巴克咖啡(塞纳左岸商业广场),文诚路500弄1号塞纳左岸商业广场F1层,121.21236694557953,31.034935102824612
星巴克咖啡(三湘财富广场店),梅家浜路1500弄1-40号三湘财富广场1层底商,121.22591737072896,31.055057185494334
星巴克咖啡(文诚路店),文诚路1480号新乐坊生活广馆1楼,121.1921725413573,31.031849179150008
星巴克咖啡(亚繁生活时尚广场),莘松路1266号亚繁生活时尚广场F1层,121.3449243618212,31.099193962031134
星巴克咖啡(松江大学城店),文汇路,121.21102588235564,31.051611852369973
星巴克咖啡(新理想广场),荣乐西路790号新理想广场1层14,121.1929840869644,31.018688210347445
星巴克咖啡(松江沪亭北路店),沪亭北路666-668号,121.31087064624327,31.15099064913787
星巴克咖啡(松江创新生活广场店),莘砖公路328号棕榈广场1层,121.31925555335552,31.095068250497604
星巴克咖啡(松江颐思殿广场店),松东路219号颐思殿广场1层,121.25114697577455,31.017874126523772
星巴克咖啡(乐颂坊店),松汇中路568号B座乐颂坊1层,121.23098139693676,31.007924830593094
星巴克咖啡(青浦世纪联华店),城中北路718号一幢一层F01115单元,121.10829130371904,31.160601491018472
星巴克咖啡(青浦新尚生活广场店),华志路771-789号1层102a单元,121.22170498802394,31.233306903836098
星巴克咖啡(青浦吾悦广场店),淀山湖大道吾悦广场1号门1层,121.09169709869808,31.146296546828857
星巴克咖啡(国家会展中心店),盈港东路158号D-L104,121.29883887206424,31.19127639769266
星巴克(富绅商业中心),公园东路1289号富绅商业中心F1层,121.13263935120588,31.15481387682927
星巴克咖啡(青浦城中北路店),城中北路79号附1-2层,121.10687051703704,31.149672388193046
星巴克咖啡(赵巷店),沪青平公路2888号百联奥特莱斯广场1层A5-100,121.22344187561245,31.157314829215977
星巴克咖啡(朱家角尚都里店),朱家角镇新风路268弄2号1层101-102室和2层1-2(03)A室,121.0520093731082,31.11340789048377
星巴克咖啡(桥梓湾店),公园路700号东方商厦1层(近聚星街),121.1080840737155,31.15037272102634
星巴克咖啡(奉贤苏宁生活广场店),南奉公路7500号苏宁生活广场1楼,121.4842848150628,30.920359128675813
星巴克咖啡(奉贤金叶商厦店),南中路80号浦商百货1F层,121.45452557632454,30.916207385518153
星巴克咖啡(奉贤宝龙城市广场),南桥镇航南公路5639号奉贤宝龙城市广场F1层,121.45835610143538,30.932546891568595
星巴克咖啡(百联南桥购物中心),南桥镇百齐路588号百联南桥购物中心1层,121.48063636105022,30.91681154212745
星巴克咖啡(南桥新都汇店),环城东路681号南桥·新都汇1层,121.45838690277012,30.93593695890305
星巴克咖啡(8壹广场),城桥镇八一路206号八一广场1层(近富民路),121.39184005827309,31.62262043699946
