,机构名称,学校机构办学类型,经度,纬度
1,上海市松江区九亭中学,初级中学,121.30401034797826,31.153539769435476
2,上海市坦直中学,初级中学,121.64013387835764,31.074468121872766
3,上海市石笋中学,初级中学,121.64005252612377,31.01988186606633
4,上海市兴业中学,初级中学,121.46833984406518,31.213506858379272
5,上海市新陆中学,初级中学,121.61949675143933,31.26132852763464
6,上海市淞谊中学,初级中学,121.47459422130534,31.403392412229532
7,上海市罗阳中学,初级中学,121.40820810434343,31.123373716472887
8,上海市罗山中学,初级中学,121.55415682441499,31.24955064008677
9,上海市蔡路中学,初级中学,121.72464465629999,31.216463191632773
10,上海市崇明区向化中学,初级中学,121.71838604541367,31.523405187948583
11,上海市崇明区大公中学,初级中学,121.75725367421143,31.531127496396874
12,上海市浦东新区教育学院实验中学,初级中学,121.53572478968016,31.16508064760026
13,上海市闵行区马桥复旦万科实验中学,初级中学,121.37797669260603,31.028614267089385
14,上海市松江二中(集团)初级中学,初级中学,121.24105507087592,31.01061573492684
15,上海市致远中学,初级中学,121.57128038707351,31.245253830422307
16,上海市崇明区凌云中学,初级中学,121.39583466462597,31.630106750780396
17,上海市松江区第七中学,初级中学,121.23019612767108,31.0182003611775
18,上海市南汇第二中学,初级中学,121.73549803634165,31.058558875506847
19,上海市第五中学,初级中学,121.4672974284751,31.295859785722865
20,上海市澄衷初级中学,初级中学,121.49873738446675,31.253575782500516
21,上海市吴泾中学,初级中学,121.46157887005829,31.047638085988567
22,上海市青浦区颜安中学,初级中学,121.03827083531915,31.00802781117055
23,上海市航华中学,初级中学,121.34815828396154,31.174970856999973
24,上海市六灶中学,初级中学,121.69455951546472,31.115664865510773
25,上海市东林中学,初级中学,121.53442384940887,31.154683964527052
26,上海市浦东教育发展研究院附属中学,初级中学,121.75684242754754,31.081896661710704
27,上海市嘉定区青少年业余体校,初级中学,121.26910483087768,31.380376697805552
28,上海市嘉定区丰庄中学,初级中学,121.35773739399404,31.244967042634883
29,上海市金山初级中学,初级中学,121.33716114854367,30.756677866680636
30,上海市张堰第二中学,初级中学,121.28130874863517,30.810485087076657
31,上海市钱圩中学,初级中学,121.24943876529548,30.776206270996106
32,上海市同凯中学,初级中学,121.3573947242292,30.73742875674785
33,上海市金山区青少年业余体育学校,初级中学,121.33773890049733,30.70951981732139
34,上海市蒙山中学,初级中学,121.34548988668482,30.72955094238311
35,上海市松隐中学,初级中学,121.23228946064764,30.895229140105794
36,上海市梅陇中学,初级中学,121.3846655805449,31.244889053181353
37,上海市兴塔中学,初级中学,121.06995373142081,30.87267003099398
38,上海市朱行中学,初级中学,121.32845184669951,30.84677665104319
39,上海市漕泾中学,初级中学,121.40660227224814,30.79878859944944
40,上海市罗泾中学,初级中学,121.33066585679785,31.485058302066093
41,华东师范大学第一附属初级中学,初级中学,121.49717261231714,31.266961262336235
42,上海市北虹初级中学,初级中学,121.47073221868399,31.27674192937115
43,上海市鲁迅初级中学,初级中学,121.48266783664909,31.26610643998596
44,上海市钟山初级中学,初级中学,121.46211858077918,31.3033732718743
45,上海市丰镇中学,初级中学,121.47398443287403,31.307116713781298
46,同济大学附属实验中学,初级中学,121.15814320910604,31.280959902762913
47,上海市澧溪中学,初级中学,121.57428421247936,31.11179505546377
48,华东师范大学第二附属中学附属初级中学,初级中学,121.59042950657641,31.090532878301737
49,上海市闵行第四中学,初级中学,121.39961156177517,31.014995067804183
50,华东师范大学松江实验中学,初级中学,121.23333497027845,31.037559628147257
51,上海市龙柏中学,初级中学,121.357352689626,31.180162669027666
52,上海市川沙中学华夏西校,初级中学,121.69710473668515,31.19615462931387
53,上海市南汇第三中学,初级中学,121.75480718296255,31.054201747388664
54,上海市普陀区教育学院附属中学,初级中学,121.3838910346366,31.256975117503195
55,上海市东沟中学,初级中学,121.57772869670157,31.285084109945434
56,上海市华东师大一附中实验中学,初级中学,121.50025551322598,31.269368460668115
57,上海市五三中学,初级中学,121.70222183751353,31.200507657983785
58,上海市新港中学,初级中学,121.86569764670543,30.985997712689237
59,上海市陆行中学南校,初级中学,121.58091850148772,31.25092475640123
60,上海市兴陇中学,初级中学,121.40571276791077,31.239202379619687
61,上海市新杨中学,初级中学,121.35003770192324,31.28897415001745
62,上海市延河中学,初级中学,121.43249684340184,31.26934758022354
63,上海市书院中学,初级中学,121.8602458146486,30.930792390359684
64,上海市月浦中学,初级中学,121.4313833377646,31.41272198999238
65,上海市嘉定区华江中学,初级中学,121.33851304637086,31.27106171891952
66,上海市同济初级中学,初级中学,121.50604028174003,31.30437534795727
67,上海市泗塘第二中学,初级中学,121.45017912760147,31.331717187799782
68,华东师范大学附属杨行中学,初级中学,121.44360167404743,31.378447915568053
69,上海市虎林中学,初级中学,121.45216052274061,31.34197996970786
70,上海市大团中学,初级中学,121.73848534685573,30.969297250493625
71,上海市闵行区曹行中学,初级中学,121.42890382612931,31.093335552049464
72,上海市奉贤区肖塘中学,初级中学,121.43388185724369,30.963384566515444
73,上海市闵行区教育学院附属友爱实验中学,初级中学,121.35948235172462,31.119220734619123
74,上海外国语大学苏河湾实验中学,初级中学,121.46782813318069,31.24924393916395
75,上海市姚连生中学,初级中学,121.40111137116162,31.215603229505266
76,上海市虹桥中学,初级中学,121.37623112229784,31.19326057242622
77,上海市延安实验初级中学,初级中学,121.37015105403945,31.21721993323576
78,上海市西延安中学,初级中学,121.36070434945263,31.222798032698698
79,上海市新泾中学,初级中学,121.35925955910908,31.21332056301977
80,上海市新中初级中学,初级中学,121.42381438601963,31.29699645317542
81,上海市育群中学,初级中学,121.45204093766449,31.264049183406712
82,上海市虹口区教育学院附属中学,初级中学,121.48484372103476,31.275327915937957
83,上海市田林第三中学,初级中学,121.4248204244541,31.174996419381095
84,上海市大华中学,初级中学,121.40924789436158,31.282255186023768
85,上海市宝山区求真中学,初级中学,121.44578336395291,31.338703372224323
86,上海市宝山区教育学院附属中学,初级中学,121.48765394450618,31.40144690713386
87,上海市市西初级中学,初级中学,121.43552946141178,31.22519719555637
88,上海市闵行区浦江第一中学,初级中学,121.494137860545,31.07559638031444
89,上海市吕巷中学,初级中学,121.17274439925757,30.82670765269383
90,上海市西林中学,初级中学,121.15520135321268,30.89411006896461
91,上海市廊下中学,初级中学,121.18583384639375,30.794656316877294
92,上海市实验学校西校,初级中学,121.39455093967432,31.149946253265306
93,上海市闵行区莘松中学,初级中学,121.40015455105203,31.10822272201989
94,上海市闵行区颛桥中学,初级中学,121.39866850568227,31.07238474282556
95,上海市闵行区浦江第二中学,初级中学,121.52878662878737,31.059808366484354
96,上海市闵行区鹤北初级中学,初级中学,121.40375388416817,31.010400491914798
97,上海市闵行区浦江第三中学,初级中学,121.52878662878737,31.059808366484354
98,上海市闵行区梅陇中学,初级中学,121.40506664107654,31.13413664624648
99,上海市七宝实验中学,初级中学,121.37748134177524,31.164914867151484
100,上海市闵行第五中学,初级中学,121.41406526405004,31.008945489805786
101,上海市泸定中学,初级中学,121.40931581479231,31.203366862855262
102,上海市天山第二中学,初级中学,121.39138106457678,31.21423550799485
103,上海市青云中学,初级中学,121.46461180631054,31.262404620856735
104,上海市闸北成功教育实验中学,初级中学,121.45687095809674,31.269257217326764
105,上海市风华初级中学,初级中学,121.45436574301633,31.293829104246992
106,上海市和田中学,初级中学,121.45045262536371,31.27649434020209
107,上海市青浦区凤溪中学,初级中学,121.22376776968673,31.185325733354627
108,上海市盛桥中学,初级中学,121.39817886058616,31.457346190828144
109,上海市洵阳中学,初级中学,121.42095738398163,31.253622544391813
110,上海市真北中学,初级中学,121.39138715150078,31.259059975622012
111,上海市临港第一中学,初级中学,121.91548096776219,30.886205243171585
112,上海市金杨中学,初级中学,121.5723072860268,31.250740365255265
113,上海市新云台中学,初级中学,121.54442212339589,31.18376845536545
114,上海市嘉定区南苑中学,初级中学,121.23789771052996,31.36453236215974
115,上海市海南中学,初级中学,121.48138367132225,31.250485522773666
116,上海市继光初级中学,初级中学,121.49377893075535,31.260513877326435
117,上海市山阳中学,初级中学,121.36187146288556,30.770816944346777
118,上海市金山区教师进修学院附属中学,初级中学,121.33349240894464,30.719026009732218
119,上海市曲阳第二中学,初级中学,121.49136443170153,31.28188556846054
120,上海市复兴实验中学,初级中学,121.47013203746359,31.290866465007248
121,上海市虹口区教育学院实验中学,初级中学,121.47969278030232,31.262270430545737
122,上海市江湾初级中学,初级中学,121.47114547775654,31.301246105501328
123,上海市北海中学,初级中学,121.42186502874151,31.259477932867167
124,上海市罗星中学,初级中学,121.16560767948918,30.900562638169575
125,上海市亭新中学,初级中学,121.31431469306591,30.884356931787526
126,上海市嘉定区南翔中学,初级中学,121.3024419834109,31.301519819437402
127,上海市民办新华初级中学,初级中学,121.47719983064866,31.254746546909377
128,上海市民办新复兴初级中学,初级中学,121.47828246598115,31.267421140077893
129,上海市嘉定区震川中学,初级中学,121.15070458830664,31.304741840015442
130,上海市宝山区陈伯吹中学,初级中学,121.3333371503668,31.412723119042504
131,上海市嘉定区金鹤中学,初级中学,121.3122890598942,31.24921295703787
132,上海市嘉定区马陆育才联合中学,初级中学,121.27510107907885,31.32621100024166
133,上海市长江第二中学,初级中学,121.472734604577,31.337897818260572
134,上海市嘉定区外冈中学,初级中学,121.15290054184734,31.36605097439769
135,上海市宝山区高境镇第四中学,初级中学,121.44804408354257,31.32624256209529
136,上海市嘉定区迎园中学,初级中学,121.27702750643812,31.39547325278283
137,上海市曹杨二中附属江桥实验中学,初级中学,121.31714336885302,31.25788895322735
138,上海市宝山区高境镇第三中学,初级中学,121.44589359131236,31.316132832542365
139,上海市第三女子初级中学,初级中学,121.42624923356857,31.224666849883523
140,上海市延安初级中学,初级中学,121.43125417086969,31.216715492868946
141,上海市复旦初级中学,初级中学,121.42906331548969,31.20623638365048
142,上海市长宁中学,初级中学,121.40768132346119,31.220964631361287
143,上海市天山初级中学,初级中学,121.38408125897556,31.218554568135783
144,上海市呼玛中学,初级中学,121.44459592880501,31.345148722755145
145,上海市嘉定区方泰中学,初级中学,121.2036369915835,31.319686143267372
146,上海市嘉定区黄渡中学,初级中学,121.20482341312932,31.276534901559266
147,上海市嘉定区徐行中学,初级中学,121.26506105363119,31.415148142667146
148,上海市嘉定区启良中学,初级中学,121.2485962299227,31.390508167459082
149,上海市吴淞第二中学,初级中学,121.47949984833346,31.347195811756887
150,上海市嘉定区留云中学,初级中学,121.31688197122638,31.315782785232674
151,上海市嘉定区杨柳初级中学,初级中学,121.28887693210031,31.27323330922547
152,上海市罗南中学,初级中学,121.35924019670178,31.389879592484615
153,上海市嘉定区德富路中学,初级中学,121.24737134964606,31.357202666471455
154,上海市闵行区七宝第二中学,初级中学,121.34813687892496,31.157036158022716
155,上海师范大学附属高桥实验中学,初级中学,121.57624868484154,31.338777490135065
156,上海市洪山中学,初级中学,121.49511101763434,31.17443772176107
157,上海民办浦东交中初级中学,初级中学,121.51823560951546,31.235139972328838
158,上海市浦东模范实验中学,初级中学,121.61326736678042,31.293414874992173
159,上海市青浦区华新中学,初级中学,121.23048197050765,31.235269191382088
160,上海市松江区第六中学,初级中学,121.22513129866566,31.01346084479543
161,上海市青浦区东方中学,初级中学,121.11756057161233,31.145467731631804
162,上海市闵行区晶城中学,初级中学,121.42332178593382,31.123402888028103
163,上海市顾路中学,初级中学,121.65448847424747,31.29053417351123
164,上海上师初级中学,初级中学,121.50455868438506,31.070629356905734
165,上海市海滨第二中学,初级中学,121.49408434825372,31.38612851520095
166,上海市王港中学,初级中学,121.67493952258704,31.23568504526922
167,上海市奉贤区塘外中学,初级中学,121.61522994962573,30.904440110182712
168,上海市奉贤区头桥中学,初级中学,121.6396140877502,30.96109834300057
169,上海市怒江中学,初级中学,121.39744814797959,31.236973986531908
170,上海市青浦区徐泾中学,初级中学,121.26922297353242,31.17741450610776
171,上海市青浦区实验中学,初级中学,121.09078381688764,31.152643295804083
172,上海市崇明区登瀛中学,初级中学,121.67609307215317,31.534364901922125
173,上海市崇明区长江中学,初级中学,121.53370260055065,31.668107100197716
174,上海市育人中学,初级中学,121.50318997657006,31.13986095467559
175,上海市大场中学,初级中学,121.39496204717825,31.308566882498173
176,上海市浦东模范中学,初级中学,121.58808596903174,31.266802653428172
177,上海民办华二初级中学,初级中学,121.24720556250007,31.34333838010713
178,上海市闵行区北桥中学,初级中学,121.411415036592,31.03300161092514
179,上海市师资培训中心实验基地附属中学,初级中学,121.36381385581069,31.10299480297094
180,上海市航华第二中学,初级中学,121.34531863185659,31.16773741394295
181,上海市建平香梅中学,初级中学,121.5342376817865,31.210143561982555
182,上海市唐镇中学,初级中学,121.66055494311375,31.206124535285138
183,上海市闵行区浦航第二中学,初级中学,121.53294858286779,31.04493736850978
184,上海市闵行区七宝第三中学,初级中学,121.3581493709112,31.156495688074507
185,上海市闵行区上虹中学,初级中学,121.38405092486113,31.176707174629932
186,上海市闵行区龙茗中学,初级中学,121.3775665337397,31.138752567689718
187,上海市武宁中学,初级中学,121.41909598242641,31.244077951595475
188,上海市崇明区三星中学,初级中学,121.28383351132267,31.76157523447473
189,上海市崇明区新光中学,初级中学,121.59743804940831,31.61768367136423
190,上海市崇明区三烈中学,初级中学,121.56834453987811,31.565684276843626
191,上海市崇明区马桥中学,初级中学,121.64713268462093,31.59136381732826
192,上海市崇明区合兴中学,初级中学,121.7108780205102,31.58689705095477
193,上海市崇明区实验中学,初级中学,121.38620389996377,31.62896551936677
194,上海市青浦区沈巷中学,初级中学,121.0575815771828,31.07590532881447
195,上海市青浦区重固中学,初级中学,121.17341306574242,31.200917789050077
196,上海市青浦区尚美中学,初级中学,121.10446146903553,31.161572939023902
197,上海市青浦区白鹤中学,初级中学,121.13053855422262,31.256254847740674
198,上海市青浦区金泽中学,初级中学,120.92132246496851,31.035925987086134
199,上海市青浦区珠溪中学,初级中学,121.04820713090498,31.104752886868486
200,上海市松江区九亭第二中学,初级中学,121.34086724801523,31.117722905122786
201,上海市民办上宝中学,初级中学,121.35968402631696,31.142185047498725
202,上海市崇明区裕安中学,初级中学,121.84349928142383,31.53084916555762
203,上海市崇明区崇东中学,初级中学,121.79964038463577,31.49952179097672
204,上海市崇明区正大中学,初级中学,121.61800140435494,31.534265580652423
205,上海市崇明区东门中学,初级中学,121.3864477736447,31.628850401159347
206,上海市崇明区新民中学,初级中学,121.52756562368539,31.621818873090763
207,上海市吴淞初级中学,初级中学,121.48862612944343,31.381442603348628
208,华东师范大学附属东昌中学南校,初级中学,121.51507434844989,31.22883498457348
209,上海市竹园中学,初级中学,121.62402492538301,31.201439216877812
210,上海市由由中学,初级中学,121.52628664485738,31.192991938164976
211,上海市洋泾中学南校,初级中学,121.52215061302023,31.200256324231336
212,上海市历城中学,初级中学,121.48597627430327,31.174919208846454
213,上海市上南中学南校,初级中学,121.530000077163,31.147766704519338
214,上海市浦东新区建平中学南校,初级中学,121.51653751003619,31.21520155570583
215,上海市施湾中学,初级中学,121.74222677810533,31.14618239425371
216,上海市杨思中学,初级中学,121.49345862200872,31.156109243959918
217,上海市上南中学东校,初级中学,121.50807017218547,31.17769664998368
218,上海市浦泾中学,初级中学,121.51013562996513,31.199435829620963
219,上海市清流中学,初级中学,121.49099177272025,31.17962374809631
220,上海市孙桥中学,初级中学,121.62829989145392,31.17526893094123
221,上海市华林中学,初级中学,121.55859448033094,31.19546832500212
222,上海市洋泾中学东校,初级中学,121.52246551942658,31.225706976737673
223,上海市浦兴中学,初级中学,121.59492608012582,31.26693217493162
224,上海市金川中学,初级中学,121.57961607930855,31.278347147918755
225,上海市建平中学西校,初级中学,121.52967662614994,31.23707462612033
226,上海市东昌东校,初级中学,121.51433084825887,31.23997573745758
227,上海市进才中学北校,初级中学,121.54791655348029,31.23608129118746
228,上海市黄楼中学,初级中学,121.66550953746221,31.16759938291309
229,上海市娄山中学,初级中学,121.39598090788454,31.21739519115592
230,上海市凌桥中学,初级中学,121.53882064037539,31.368538233213688
231,上海市建平实验中学,初级中学,121.5673533488608,31.26184026066166
232,上海市杨园中学,初级中学,121.62655788070133,31.310202289220747
233,上海市三林中学北校,初级中学,121.4989562332117,31.146330872336282
234,上海市六团中学,初级中学,121.71783872436818,31.15617457956798
235,上海市侨光中学,初级中学,121.6900210832076,31.19826334258802
236,上海市南汇第五中学,初级中学,121.73618204489581,31.06940239289486
237,上海市浦东模范中学东校,初级中学,121.66609090693069,31.292819280254015
238,上海市北蔡中学,初级中学,121.55845688889548,31.187263195963496
239,上海市上南中学北校,初级中学,121.51084041859852,31.183795652728996
240,上海市进才实验中学,初级中学,121.55254408165534,31.2277117985935
241,上海市傅雷中学,初级中学,121.5858545436619,31.12410821829094
242,上海市临港实验中学,初级中学,121.90130059524192,30.906731000336762
243,上海市南汇第四中学,初级中学,121.75739885478693,31.046617117803567
244,上海市进才中学南校,初级中学,121.59096828568212,31.07119489898679
245,上海市浦东新区进才中学东校,初级中学,121.7494888126745,31.12688470831262
246,上海市浦东外国语学校东校,初级中学,121.61895102035311,31.240307456173664
247,上海市陆行中学北校,初级中学,121.57477470456124,31.28230498823863
248,上海市奉贤区四团中学,初级中学,121.7175718666786,30.943215670832238
249,上海市尚文中学,初级中学,121.49824746590812,31.219940721710074
250,上海市敬业初级中学,初级中学,121.48854272904366,31.218271467488012
251,上海市启秀实验中学,初级中学,121.46302365233807,31.21849945240736
252,上海市向明初级中学,初级中学,121.45337396121182,31.224709954706253
253,上海市大同初级中学,初级中学,121.48847746604905,31.206846753044204
254,上海市市八初级中学,初级中学,121.49579430665945,31.223742576566725
255,上海市清华中学,初级中学,121.45740807134665,31.216261477070066
256,上海市宝山区乐之中学,初级中学,121.37143253139077,31.35370377982076
257,上海市卢湾中学,初级中学,121.46439110954292,31.20424984459473
258,上海市光明初级中学,初级中学,121.48738298046858,31.22547462142729
259,上海外国语大学附属大境初级中学,初级中学,121.483538027394,31.205867608257144
260,上海市格致初级中学,初级中学,121.46754521545641,31.2376943976961
261,上海民办进才外国语中学,初级中学,121.53718767409588,31.205048999933652
262,上海市宝山区罗店第二中学,初级中学,121.33942195865158,31.38755988326724
263,上海市奉贤区青村中学,初级中学,121.57993457433206,30.92346278432265
264,上海市青浦区少年业余体育学校,初级中学,121.09315224362074,31.14073342390475
265,上海市培明中学,初级中学,121.4427675051572,31.231112452314424
266,上海市时代中学,初级中学,121.44652106763564,31.236057696108166
267,上海市育才初级中学,初级中学,121.45683466774153,31.236595589008157
268,上海市五四中学,初级中学,121.44576440340637,31.233782184844475
269,上海市静安区实验中学,初级中学,121.44971338471807,31.256849152015395
270,上海市彭浦初级中学,初级中学,121.44594308021055,31.311892544166145
271,上海市彭浦第三中学,初级中学,121.44589359131236,31.316132832542365
272,上海市岭南中学,初级中学,121.45452136434402,31.314813278738676
273,上海市市北初级中学,初级中学,121.46275948900477,31.257511954698373
274,上海市共康中学,初级中学,121.43212503192194,31.3168669095579
275,上海市彭浦第四中学,初级中学,121.44105372519792,31.31049148585096
276,上海市保德中学,初级中学,121.45017917422547,31.319631621122998
277,上海市朝阳中学,初级中学,121.47338385004592,31.255373470825223
278,上海市奉贤区洪庙中学,初级中学,121.67963835273865,30.927872369533116
279,上海市合庆中学,初级中学,121.71427779142566,31.241944323945553
280,上海市崇明区大新中学,初级中学,121.52608304732824,31.584613091160733
281,上海市崇明区育林中学,初级中学,121.40370904624726,31.637033515139084
282,上海市崇明区崇西中学,初级中学,121.3419625612821,31.71804049539717
283,上海市崇明区港西中学,初级中学,121.41152322846546,31.694263318869197
284,上海市崇明区建设中学,初级中学,121.45097520214308,31.664979316908504
285,上海市崇明区大同中学,初级中学,121.48427933353999,31.62954279137364
286,上海市崇明区长兴中学,初级中学,121.68700318381134,31.3893613557297
287,上海市崇明区长明中学,初级中学,121.73221390840284,31.386716589233263
288,上海民办张江集团学校,初级中学,121.59047416302442,31.204096900953466
289,上海市民办新世纪中学,初级中学,121.40458844369317,31.21471244412601
290,上海市奉贤区青溪中学,初级中学,121.51389049356366,30.92696996874635
291,上海市奉贤区古华中学,初级中学,121.46215380620391,30.91618506691401
292,上海市奉贤区实验中学,初级中学,121.4926572553205,30.92442863650118
293,上海市奉贤区尚同中学,初级中学,121.5129559726031,30.95447398473377
294,上海市奉贤区金水苑中学,初级中学,121.48685155940852,30.959868308466813
295,上海市奉贤区教育学院附属实验中学,初级中学,121.45172061083878,30.919860798941578
296,上海市奉贤区奉城第二中学,初级中学,121.63560209836896,30.915548628405535
297,上海市泗塘中学,初级中学,121.44065080369798,31.33378409964986
298,上海民办和衷中学,初级中学,121.49304210184083,31.391871709411465
299,上海民办行知二中,初级中学,121.48576573648589,31.39539001481154
300,上海市震旦外国语中学,初级中学,121.4721029287045,31.204539488663727
301,上海师大附中附属龙华中学,初级中学,121.44137003065995,31.17657532184936
302,上海理工大学附属初级中学,初级中学,121.54170678600153,31.294070484597903
303,上海市新大桥中学,初级中学,121.52686688298654,31.272018980810703
304,上海市浦东新区三灶实验中学,初级中学,121.7001557363215,31.05857218192353
305,上海市奉贤区汇贤中学,初级中学,121.46289831196803,30.92520264597238
306,上海兰田中学,初级中学,121.41579126080028,31.246468958934024
307,上海市民办嘉一联合中学,初级中学,121.24677236730149,31.405310161937855
308,上海市三门中学,初级中学,121.48818772095446,31.309256151758596
309,上海市园南中学,初级中学,121.44056002197946,31.14415867468923
310,上海市杨浦区教师进修学院附属中学,初级中学,121.51631481742527,31.27390447445321
311,上海玉华中学,初级中学,121.3774687322284,31.252405692225906
312,民办上海上外静安外国语中学,初级中学,121.45761708969648,31.234707346814876
313,上海市控江初级中学,初级中学,121.52781854800787,31.288111753336366
314,上海市青浦区教师进修学院附属中学,初级中学,121.15213923751716,31.166127738837023
315,上海外国语大学民办闵行外国语初级中学,初级中学,121.29985119692181,31.221800882776556
316,上海市延吉第二初级中学,初级中学,121.53217659093755,31.293131722261645
317,上海市汾阳中学,初级中学,121.43177167846413,31.15226362308863
318,上海市紫阳中学,初级中学,121.4501176901198,31.114684987097448
319,上海市第二初级中学,初级中学,121.45130359636399,31.210296111322776
320,上海市民办交华中学,初级中学,121.41300498572141,31.27815414166952
321,上海市位育初级中学,初级中学,121.45213457090134,31.213267551848876
322,上海市南洋模范初级中学,初级中学,121.4463594863529,31.191842504267267
323,上海民办华二浦东实验学校,初级中学,121.5003429417016,31.17334495161057
324,上海民办新竹园中学,初级中学,121.62402492538301,31.201439216877812
325,上海市松江区民办茸一中学,初级中学,121.24003794592105,31.03476541070262
326,上海市民办新北郊初级中学,初级中学,121.48230128456541,31.280942098826
327,上海市松江四中初级中学,初级中学,121.24031934660958,31.11351472391539
328,上海领科双语学校,初级中学,121.33702531487921,31.13192319864001
329,上海民办洋泾外国语学校,初级中学,121.51795689508349,31.22048902710354
330,上海市教育学会附属青浦清河湾中学,初级中学,121.08792252445093,31.168918382035592
331,上海市金卫中学,初级中学,121.31395849171383,30.754433135454494
332,上海市青浦区崧淀中学,初级中学,121.14884969261438,31.14604342136332
333,上海市实验学校南校,初级中学,121.51141020225884,31.150576431247995
334,上海闵行区民办莘庄初级中学,初级中学,121.37218020977744,31.10597442511506
335,上海市徐汇区教育学院附属实验中学,初级中学,121.42816161792344,31.139525226162412
336,上海市长桥中学,初级中学,121.43430710641174,31.132422131909518
337,上海市梅园中学,初级中学,121.41383278375007,31.139172532535035
338,上海市宛平中学,初级中学,121.4424842159356,31.180619393143285
339,上海市南洋初级中学,初级中学,121.46070385232362,31.192263289797722
340,上海市民办华育中学,初级中学,121.4493824320443,31.118680192479754
341,上海市田林中学,初级中学,121.41488049052646,31.176410870297058
342,上海市田林第二中学,初级中学,121.41902716976517,31.17200668634638
343,上海市康健外国语实验中学,初级中学,121.40806430443008,31.15466891731235
344,上海市龙苑中学,初级中学,121.4495904479327,31.159640754661343
345,上海市金山剑桥实验中学,初级中学,121.34031428054374,30.722324753357555
346,上海市浦东新区彭镇中学,初级中学,121.80548816549229,30.901153858071833
347,上海市民办立达中学,初级中学,121.48477898806533,31.210774890979927
348,上海市民办明珠中学,初级中学,121.47412235067807,31.231733220096455
349,上海市青浦区豫才中学,初级中学,121.26837744910281,31.1709945176943
350,上海市十五中学,初级中学,121.52488287971384,31.25582776466143
351,上海市二十五中学,初级中学,121.54078272756735,31.276765569457414
352,上海市惠民中学,初级中学,121.52090140393291,31.26077786265004
353,上海市国和中学,初级中学,121.52705620741445,31.32304018700847
354,上海市鞍山实验中学,初级中学,121.53632462791904,31.307760927316544
355,上海市鞍山初级中学,初级中学,121.50318980240834,31.272327951930876
356,上海市辽阳中学,初级中学,121.52933309633661,31.266538669811002
357,上海市杨浦初级中学,初级中学,121.51000025157244,31.26954020326931
358,上海市铁岭中学,初级中学,121.50607033589974,31.28133571267584
359,上海市思源中学,初级中学,121.53022427390887,31.32125795904366
360,上海市包头中学,初级中学,121.53349390699479,31.324665787157624
361,上海市同济第二初级中学,初级中学,121.51223958540072,31.311230804174574
362,上海同济大学附属存志学校,初级中学,121.51008125489437,31.27288201897386
363,上海民办杨浦凯慧初级中学,初级中学,121.50107805623428,31.2742778346144
364,上海民办兰生复旦中学,初级中学,121.52214576837622,31.31745622073606
365,上海民办杨浦实验学校,初级中学,121.53666697770761,31.327330366212404
366,上海市宝山区美兰湖中学,初级中学,121.35510484172515,31.40775067517672
367,上海市东辽阳中学,初级中学,121.54689674492053,31.275735826766972
368,上海市建设初级中学,初级中学,121.5358136737814,31.265566989373003
369,上海交通大学附属第二中学,初级中学,121.42240708726126,31.01314067105952
370,上海市浦东新区德州一村小学,小学,121.48012202816474,31.171248915874976
371,闵行区颛桥中心小学,小学,121.39030142324418,31.064760282017595
372,上海市普陀区曹杨实验小学,小学,121.37347714416607,31.250243269233824
373,上海市普陀区管弄新村小学,小学,121.41903564015863,31.258695399812087
374,上海市浦东新区惠南小学,小学,121.738612944033,31.069272673600707
375,闵行区莘庄镇小学,小学,121.37218020977744,31.10597442511506
376,上海市闵行区华坪小学,小学,121.41905589126156,31.002319598673385
377,上海市闵行区中心小学,小学,121.42309958218215,31.00654832420863
378,闵行区七宝镇明强小学,小学,121.35667698814616,31.15572326051088
379,上海市闵行区七宝明强第二小学,小学,121.34810776538716,31.170568194728432
380,上海市浦东新区张江高科实验小学,小学,121.58973094879984,31.203262199072906
381,上海市浦东新区合庆镇中心小学,小学,121.71135116982826,31.23839238478841
382,上海市黄浦区北京东路小学,小学,121.480411981909,31.242306368382824
383,上海市浦东新区周浦小学,小学,121.57832891389225,31.120235521797458
384,上海市嘉定区马陆小学,小学,121.27571832841306,31.32522569182239
385,上海市浦东新区康桥小学,小学,121.56810077594906,31.125258536712757
386,上海市浦东新区向阳小学,小学,121.73749819195382,30.97137831567493
387,上海市闵行区曹行小学,小学,121.4092823462091,31.093420796764008
388,上海市黄浦区新凌小学,小学,121.48264091461728,31.205394205742337
389,上海市松江区第三实验小学,小学,121.18762449838171,31.0171351083276
390,上海市宝山区大场镇小学,小学,121.40738058155176,31.30783306868236
391,上海市崇明区陈家镇小学,小学,121.79876500570748,31.503903674156565
392,上海市闵行区申莘小学,小学,121.37784738593413,31.09127839484201
393,上海市嘉定区方泰小学,小学,121.20615671618722,31.31905781533913
394,上海市宝山区嘉华小学,小学,121.41134537072158,31.270300381446134
395,上海市宝山区同达小学,小学,121.42062534427599,31.40970726088968
396,上海市宝山区石洞口小学,小学,121.39664227180447,31.45264720564981
397,上海市嘉定区真新小学,小学,121.36712978066265,31.25533191052799
398,上海市嘉定区封浜小学,小学,121.2941772414135,31.271416966102663
399,同济大学附属实验小学,小学,121.15936072582149,31.28008352225205
400,上海市虹口区祥德路小学,小学,121.48412640313641,31.27277887732137
401,上海市金山区石化第一小学,小学,121.3438521420166,30.71898711342613
402,上海市金山区吕巷小学,小学,121.17239961344204,30.827758415100355
403,上海市普陀区恒德小学,小学,121.34207199558871,31.28757340207902
404,上海市虹口区幸福四平实验小学,小学,121.48985071756175,31.27346256953987
405,上海市虹口区广灵路小学,小学,121.47393931347297,31.283402071384117
406,上海市虹口区第六中心小学,小学,121.46220597433542,31.278671483554945
407,上海市静安区景凤路小学,小学,121.4533856729078,31.32109228873951
408,上海市浦东新区泥城小学,小学,121.82599046757394,30.902666739543317
409,上海市虹口区广中路小学,小学,121.47250410349194,31.276495932420655
410,上海市闵行区马桥实验小学,小学,121.39098316216365,31.03043394009613
411,上海市闵行区景东小学,小学,121.45454055245388,31.04581497081733
412,闵行区虹桥中心小学,小学,121.3812571902171,31.174227207886446
413,上海市闵行区莘松小学,小学,121.35955631948836,31.118171204111857
414,上海市浦东新区梅园小学,小学,121.51908590629463,31.241964221478156
415,上海市浦东新区明珠森兰小学,小学,121.58694502093805,31.29533950271405
416,上海市浦东新区周浦第三小学,小学,121.59036393669774,31.07284788237444
417,上海市浦东新区祝桥小学,小学,121.75195229762446,31.113429502302065
418,松江区岳阳小学,小学,121.22633038251833,31.010771289525675
419,上海市普陀区曹杨新村第六小学,小学,121.40337901481378,31.237770326319865
420,上海市虹口区第四中心小学,小学,121.48487791777393,31.286169515986796
421,上海市虹口区红旗小学,小学,121.477346372799,31.3010496183059
422,上海市浦东新区新场小学,小学,121.64442557847032,31.02752410712625
423,上海市浦东新区龚路中心小学,小学,121.68036541440352,31.26924695618076
424,上海市浦东新区园西小学,小学,121.66831775790556,31.195127076088426
425,上海市浦东新区莲溪小学,小学,121.55411994840979,31.18679936526374
426,上海市松江区九亭第二小学,小学,121.32800270880782,31.117478064469342
427,上海市普陀区长征中心小学,小学,121.3666187429469,31.241067906294813
428,上海市普陀区真光小学,小学,121.37496914161359,31.254181103104763
429,上海市普陀区桃浦中心小学,小学,121.33964584213486,31.291321248220733
430,上海市普陀区华阴小学,小学,121.43681357696778,31.265182361507897
431,华东师范大学附属小学,小学,121.40544658669472,31.228495220051826
432,上海市浦东新区东港小学,小学,121.74571265054388,31.146045195704904
433,上海市浦东新区南汇外国语小学,小学,121.74961219364042,31.05183789723845
434,上海市浦东新区大团小学,小学,121.73672692588332,30.97508937362679
435,上海市浦东新区书院小学,小学,121.8658054928666,30.928858748692583
436,上海市浦东新区盐仓小学,小学,121.7614595014789,31.083818844860577
437,上海市浦东新区福山唐城外国语小学,小学,121.64860409365413,31.22158720080272
438,上海市宝山区中环实验小学,小学,121.40068464211683,31.291801526457494
439,上海市浦东新区由由小学,小学,121.52533565970116,31.192240809052336
440,上海闵行区民办塘湾小学,小学,121.44068562579265,31.059131113911565
441,上海闵行区浦江文馨学校,小学,121.53245109045365,31.069050266507944
442,上海市奉贤区青村小学,小学,121.57776894104111,30.930351292865
443,上海市长宁区天山第二小学,小学,121.39253098297172,31.211485538653267
444,上海市奉贤区头桥小学,小学,121.6377639059762,30.95043161974935
445,上海市奉贤区南桥小学,小学,121.45432617219237,30.91444995746919
446,上海闵行区民办弘梅小学,小学,121.42819272310459,31.115777132496618
447,上海市民办扬波外国语小学,小学,121.44248380447603,31.266299186417104
448,上海闵行区民办双江小学,小学,121.40411750613914,31.004646980647014
449,上海市闵行区马桥文来外国语小学,小学,121.37864618363376,31.027286506609304
450,上海闵行区民办华星小学,小学,121.38560125338425,31.069596484713887
451,上海市宝山区罗泾中心校,小学,121.32909418381436,31.487747830076366
452,上海市嘉定区绿地小学,小学,121.3629135312101,31.249288890347945
453,闵行区梅陇中心小学,小学,121.405702989135,31.133206363440635
454,上海市闵行区浦江第一小学,小学,121.4903392997223,31.086646754765443
455,上海市闵行区昆阳路小学,小学,121.36565690064043,31.00146494528074
456,上海奉贤区民办星光小学,小学,121.40810011467511,30.960801422456836
457,上海市奉贤区西渡小学,小学,121.41848875178559,30.984919349425585
458,上海市长宁区虹桥机场小学,小学,121.34881900788278,31.18617808207068
459,上海市长宁区北新泾第二小学,小学,121.36498687974611,31.22068636673249
460,上海市长宁区北新泾第三小学,小学,121.3614394771137,31.219176733835624
461,上海市长宁区适存小学,小学,121.36519803928945,31.215276671706828
462,上海市长宁区绿苑小学,小学,121.35638647148373,31.213661598677966
463,上海市杨浦区杨浦小学分校,小学,121.52474623689969,31.270161192437534
464,上海市杨浦区控江二村小学,小学,121.5237243165984,31.289248519289742
465,上海市杨浦区教师进修学院实验小学,小学,121.52070627084242,31.27844978898609
466,上海市杨浦区凤城新村小学,小学,121.51325531268247,31.285245041133948
467,上海市宝山区江湾中心校,小学,121.48240054458967,31.317103073086766
468,上海市宝山区宝虹小学,小学,121.36834760492975,31.35268151842228
469,上海市宝山区月浦新村第三小学,小学,121.42192044209163,31.41591598513284
470,上海市宝山区罗店中心校,小学,121.34044629217432,31.427312262042406
471,上海市宝山区罗阳小学,小学,121.3369836692878,31.417348106873607
472,上海市宝山区红星小学,小学,121.4494137035304,31.33661676554224
473,上海市宝山区泗塘新村小学,小学,121.44752953279833,31.340645316059987
474,上海市宝山区虎林路小学,小学,121.44778686169423,31.344347571713705
475,上海市宝山区水产路小学,小学,121.48943268960286,31.385285854097404
476,上海市宝山区同泰路小学,小学,121.4906002389548,31.38106460582808
477,上海市静安区彭浦新村第一小学,小学,121.47469279377596,31.307427587140623
478,上海市静安区市西小学,小学,121.43715263192964,31.226430359084993
479,上海市嘉定安亭镇民办杨林小学,小学,121.23980030657167,31.27883559939852
480,上海市静安区第一中心小学,小学,121.44450551031795,31.23205943419399
481,上海市青浦区凤溪小学,小学,121.22311715167055,31.2100720389497
482,上海市嘉定区城中路小学,小学,121.23750768212268,31.387377197880376
483,闵行区北桥中心小学,小学,121.41475130975961,31.038695585228435
484,上海市松江区九亭小学,小学,121.30907549290583,31.140676437333763
485,上海市闵行区鑫都小学,小学,121.39250908527411,31.060835927959275
486,上海市崇明区竞存小学,小学,121.52517336739035,31.581651852300777
487,上海市崇明区新民小学,小学,121.52657362161102,31.619974311570292
488,上海市崇明区竖新小学,小学,121.57569295762109,31.568061121410036
489,上海市闵行区吴泾实验小学,小学,121.46998331497548,31.047870136579466
490,上海市闵行区浦汇小学,小学,121.50391019243816,31.036965843797233
491,上海闵行区民办振兴小学,小学,121.33943747250713,31.13899297595786
492,上海市松江区九亭第四小学,小学,121.31025835742899,31.146843975567627
493,上海市闵行区田园外语实验小学,小学,121.39056046882033,31.097749531759636
494,上海民办新金童小学,小学,121.49406652333536,31.171306192205897
495,上海市嘉定区南苑小学,小学,121.24293774335223,31.369957538065403
496,上海浦东新区民办联营小学,小学,121.51900643530377,31.13693625398632
497,上海浦东新区民办唐四小学,小学,121.68332469052207,31.236706941794505
498,上海市奉贤区奉城第二小学,小学,121.63702089608537,30.916000183735292
499,上海浦东新区民办淮安小学,小学,121.75804178437517,30.958620233200698
500,上海市宝山区淞南第二小学,小学,121.47116866886905,31.334848560156914
501,宝山区通河第四小学,小学,121.4424840954628,31.33213315848381
502,上海市宝山区第二中心小学,小学,121.42800517386621,31.337400514254075
503,上海市宝山区高境镇第三小学,小学,121.44351031046216,31.322596633956064
504,上海市宝山区菊泉学校,小学,121.36701310084415,31.356606773531762
505,上海市宝山区泰和新城小学,小学,121.39749698624915,31.353202606974445
506,上海市宝山区顾村中心校,小学,121.38978729518371,31.355238290706456
507,上海市宝山区盛桥中心校,小学,121.39864535514724,31.452006337127145
508,上海市宝山区杨行中心校,小学,121.43840035807247,31.374719341534497
509,上海市浦东新区崂山小学,小学,121.51267133143939,31.23713427763979
510,上海师范大学附属外国语小学,小学,121.24145832602402,31.031682448581222
511,上海市普陀区金沙江路小学,小学,121.39382605926001,31.230316386757366
512,上海市普陀区朝春中心小学,小学,121.40219719423996,31.243343527812645
513,上海市浦东新区锦绣小学,小学,121.53290875672248,31.197793353336877
514,上海市嘉定区普通小学,小学,121.25076450297621,31.391262576306236
515,上海市浦东新区老港小学,小学,121.83541527356405,31.037771458450198
516,上海市浦东新区周浦第二小学,小学,121.59665200992528,31.10017145386225
517,上海市浦东新区澧溪小学,小学,121.57466375904679,31.110599037227743
518,上海市浦东新区建平实验小学,小学,121.56825482760117,31.260511869024086
519,上海市浦东新区荡湾小学,小学,121.76246074564895,31.045657306767314
520,上海市浦东新区石笋小学,小学,121.64101456298107,31.024606526721435
521,上海市浦东新区坦直小学,小学,121.64500553177581,31.07636490124701
522,上海市浦东新区惠南第二小学,小学,121.76283686259362,31.049040579196
523,上海市虹口区曲阳第三小学,小学,121.49077026611565,31.282266634516787
524,上海市虹口区曲阳第四小学,小学,121.49122163033995,31.28527874256289
525,上海市虹口区多伦同心小学,小学,121.47278362667971,31.26959063151099
526,上海市嘉定区金鹤小学,小学,121.30794935643209,31.241082639852124
527,上海市嘉定区华江小学,小学,121.3351697783765,31.26637390587992
528,上海市黄浦区董家渡路第二小学,小学,121.49175869904491,31.22475800840683
529,上海市虹口区张桥路小学,小学,121.49119782070527,31.27026994818507
530,上海市虹口区第三中心小学,小学,121.48121361587928,31.26761654292378
531,上海市华东师大一附中实验小学,小学,121.49916889059388,31.26595367401133
532,上海大学附属小学,小学,121.38125903178315,31.313559578400994
533,上海市虹口区柳营路小学,小学,121.46452355331864,31.273775524474004
534,上海市虹口区凉城第三小学,小学,121.46366073456598,31.298593119357275
535,上海市虹口区凉城第二小学,小学,121.47018050163608,31.298958358179448
536,上海市虹口区第一中心小学,小学,121.48395565215253,31.251053804736294
537,上海市虹口区崇明路小学,小学,121.48054595680223,31.248065164789807
538,上海市虹口区四川北路第一小学,小学,121.48041533987748,31.261686778921465
539,上海市虹口区中州路第一小学,小学,121.47784809365658,31.254288606339234
540,上海市虹口区保定路第一小学,小学,121.50627082651228,31.260295253143088
541,上海市虹口区丰镇第一小学,小学,121.47469279377596,31.307427587140623
542,上海市虹口区凉城第四小学,小学,121.46495927777882,31.30446319511457
543,上海市虹口区第二中心小学,小学,121.49155687125835,31.261311876606456
544,上海市普陀区新普陀小学,小学,121.38512673011385,31.239858081165604
545,上海市宝山区通河新村小学,小学,121.44432277164934,31.339437164800312
546,上海市浦东新区竹园小学,小学,121.52612677693185,31.233149274868083
547,上海市金山区山阳小学,小学,121.36742275808484,30.764653181131614
548,上海市金山区钱圩小学,小学,121.24316959402417,30.77788562342225
549,上海市金山区金山小学,小学,121.33780589025812,30.755011552992585
550,上海市金山区学府小学,小学,121.30794920349354,30.749168034508397
551,上海市金山区漕泾小学,小学,121.39177683187359,30.799479262828758
552,上海市金山区松隐小学,小学,121.23540372672949,30.894270034897872
553,上海市金山区朱泾第二小学,小学,121.15771184004844,30.899711391570712
554,上海市金山区兴塔小学,小学,121.07403327683258,30.87463491367485
555,上海市金山区朱行小学,小学,121.33026246533274,30.85030617764858
556,上海市金山区枫泾小学,小学,121.014038914194,30.893324822637638
557,上海市金山区第二实验小学,小学,121.33591595932276,30.732059906700847
558,上海市金山区亭林小学,小学,121.31571992410505,30.89153607562834
559,上海市金山区张堰小学,小学,121.28941174367367,30.80403152925024
560,上海市金山区金卫小学,小学,121.31355140291014,30.73072613301176
561,上海市金山区廊下小学,小学,121.18883389166668,30.78925045965956
562,上海市金山区石化第五小学,小学,121.32238951510274,30.729887727722208
563,上海市金山区海棠小学,小学,121.34881817563279,30.74205189173132
564,上海市虹口区外国语第一小学,小学,121.46912855383044,31.293315741738056
565,上海市金山区教师进修学院附属小学,小学,121.34276207537877,30.71110095253456
566,上海市金山区朱泾小学,小学,121.15810236699032,30.90266937534551
567,上海市松江区中山第二小学,小学,121.25197297499825,31.06164249627397
568,上海市松江区泗泾第三小学,小学,121.24136738904069,31.11401462210899
569,上海市宝山区长江路小学,小学,121.48341547677053,31.34795496849293
570,上海市静安区大宁路小学,小学,121.45060573370378,31.279917248640427
571,上海市静安区闸北实验小学,小学,121.44801393895051,31.269270116829976
572,上海市大宁国际小学,小学,121.44953322460121,31.287980576138725
573,上海市静安区阳曲路小学,小学,121.45591866311966,31.31064516100844
574,上海市陈鹤琴小学,小学,121.4509503953339,31.224920374843947
575,上海市静安小学,小学,121.42668992267907,31.236019147002953
576,上海市静安区威海路第三小学,小学,121.45652765785027,31.226481532837983
577,上海市静安区第三中心小学,小学,121.45833862772547,31.241264110452445
578,上海市闵行区浦江汇秀小学,小学,121.53853882180262,31.044495832049233
579,上海市静安区蕃瓜弄小学,小学,121.4561064623262,31.249617957517636
580,上海市静安区闸北第一中心小学,小学,121.47170471424205,31.250058152963003
581,上海市七宝外国语小学,小学,121.36572186668126,31.13941152122735
582,上海市浦东新区康桥实验小学,小学,121.54976733166643,31.123477702230712
583,上海外国语大学附属民办外国语小学,小学,121.59016165286154,31.269340959714885
584,上海市嘉定区新成路小学,小学,121.26961777482632,31.38597356198679
585,上海市宝山区淞兴路第一小学,小学,121.49620087744442,31.37563403761648
586,上海市嘉定区曹王小学,小学,121.30313960762415,31.43976315174794
587,上海市嘉定区叶城小学,小学,121.23780668817332,31.364571324411447
588,上海市嘉定区迎园小学,小学,121.26047239896428,31.387191940674352
589,上海市嘉定区安亭小学,小学,121.14894229028708,31.30422293800337
590,上海市嘉定区清水路小学,小学,121.22885153830023,31.382806665594455
591,上海市嘉定区紫荆小学,小学,121.16317523133962,31.294191883161343
592,上海市宝山区广育小学,小学,121.4812190521187,31.402999525283793
593,上海市嘉定区第一中学附属小学,小学,121.24292078570377,31.39295158698956
594,上海同济黄渡小学,小学,121.20548220114219,31.27849497601329
595,上海市嘉定区古猗小学,小学,121.32020749665078,31.303040342007183
596,上海市宝山区海滨小学,小学,121.48865361235809,31.376940058061848
597,上海市宝山区美罗家园第一小学,小学,121.33913468944505,31.38629178155281
598,上海市嘉定区外冈小学,小学,121.16955568542443,31.35908617403239
599,上海市宝山区通河新村第二小学,小学,121.44839120563273,31.335041123149207
600,上海市宝山区大场中心小学,小学,121.40392654495571,31.30247593600117
601,上海市宝山区大华小学,小学,121.41895085939598,31.278017056588126
602,上海市宝山区行知小学,小学,121.40904862390347,31.283933391788626
603,上海市宝山区祁连镇中心校,小学,121.37421938733812,31.31802967146968
604,上海市宝山区实验小学,小学,121.48569796339882,31.41329090123502
605,上海市宝山区乐业小学,小学,121.42970355590546,31.41107498814407
606,上海市宝山区月浦新村第二小学,小学,121.41745099582883,31.41767713787833
607,上海市宝山区宝林路第三小学,小学,121.48732515797997,31.408611969835913
608,上海市宝山区第一中心小学,小学,121.49515704476619,31.39988976258818
609,上海市宝山区泗东小学,小学,121.48144371051953,31.369482113583274
610,上海市宝山区永清路小学,小学,121.4920989389184,31.389133683629108
611,上海市宝山区和衷小学,小学,121.49482109167175,31.385116024007473
612,上海市宝山区第三中心小学,小学,121.43794760876341,31.337885764184374
613,上海市宝山区呼玛路小学,小学,121.44073822417145,31.342690121340574
614,上海市宝山区月浦中心校,小学,121.4115363489716,31.420771904808177
615,宝山区共富新村小学,小学,121.42486597493917,31.35328603166861
616,上海市宝山区虎林路第三小学,小学,121.45464014981535,31.332703955698193
617,上海市宝山区淞南中心校,小学,121.49103253482184,31.34890224522016
618,上海市长宁区愚园路第一小学,小学,121.4214309663945,31.219306764857322
619,上海市长宁区法华镇路第三小学,小学,121.4180829161428,31.208774503961664
620,上海市长宁区复旦小学,小学,121.42689199177734,31.204284415531124
621,上海市长宁区长宁路小学,小学,121.40262329362872,31.220554155279416
622,上海市长宁区天山第一小学,小学,121.40008261579757,31.21082338929683
623,上海市长宁区古北路小学,小学,121.39711902104875,31.21552002538955
624,上海市长宁区玉屏南路小学,小学,121.40210368516442,31.214509921794026
625,上海市长宁区江苏路第五小学,小学,121.43211880537157,31.21575524655629
626,上海市长宁区愚一小学向红分校,小学,121.43036303877308,31.223307070848314
627,上海市长宁区新虹桥小学,小学,121.38362674012158,31.205093300129384
628,上海市长宁区威宁小学,小学,121.38011897235258,31.210480023196336
629,上海市长宁实验小学,小学,121.38346729563345,31.211459318378015
630,上海市长宁区安顺路小学,小学,121.41186272492136,31.201846068889928
631,上海市长宁区哈密路小学,小学,121.3666520563616,31.19096274131499
632,上海市嘉定区望新小学,小学,121.14140177117227,31.349077820276218
633,上海市嘉定区实验小学,小学,121.24831944592833,31.400527343463175
634,上海市嘉定区南翔小学,小学,121.30448967542875,31.30115835243816
635,上海市嘉定区德富路小学,小学,121.24737134964606,31.357202666471455
636,海丰农场学校,小学,121.36716737748678,31.793305629770543
637,上海市嘉定区江桥小学,小学,121.3329403857376,31.258883335719936
638,上海浦东新区民办寿春小学,小学,121.51827159628697,31.12929732355222
639,上海浦东新区民办新农小学,小学,121.55452550188969,31.35918254507011
640,上海市奉贤区金水苑小学,小学,121.48690787039827,30.95854725940363
641,上海市崇明区育才小学,小学,121.59796219273865,31.615969596045595
642,上海市崇明区港沿小学,小学,121.65706413058876,31.5926336833049
643,上海市崇明区登瀛小学,小学,121.67567760789356,31.53744134644074
644,上海市浦东新区洋泾实验小学,小学,121.54542156779843,31.245332099421333
645,上海浦东新区民办竹林小学,小学,121.5221833378358,31.35972142715165
646,上海市浦东新区傅雷小学,小学,121.58759047747931,31.12442856110576
647,上海市虹口区四川北路第二小学,小学,121.47924056191574,31.258193899077845
648,上海市浦东新区林苑小学,小学,121.51606764420225,31.146714806569825
649,上海市崇明区明珠小学,小学,121.40454062769733,31.64511587037655
650,上海浦东新区民办新苗小学,小学,121.73352827193249,31.225602260298412
651,上海市浦东新区新时代小学,小学,121.53542177517598,31.15466035936604
652,上海市青浦区香花桥小学,小学,121.13073473156805,31.187812322555878
653,上海市浦东新区六灶小学,小学,121.6888388371008,31.118294117882524
654,上海中医药大学附属闵行区蔷薇小学,小学,121.42887977583045,31.11659462321303
655,上海市松江区九亭第五小学,小学,121.33893842846352,31.117191694847484
656,上海市浦东新区高东镇中心小学,小学,121.61651871890751,31.33059779623366
657,上海市浦东新区进涛小学,小学,121.55671613083493,31.26274708727055
658,上海市崇明区向化小学,小学,121.71840809982561,31.522551274248862
659,上海市七宝实验小学,小学,121.3788233497377,31.16181838910889
660,上海市崇明区东门小学,小学,121.4055577324887,31.62599404116549
661,上海市浦东新区逸夫小学,小学,121.73922784311138,31.04686740659061
662,上海市闵行区平南小学,小学,121.3880154492631,31.156095841575713
663,华东师范大学附属紫竹小学,小学,121.4604596966437,31.033661382332603
664,上海市黄浦区卢湾二中心小学,小学,121.45815624063144,31.216321268826164
665,松江区中山永丰实验学校,小学,121.21040763499424,31.009569636796346
666,上海市普陀区真如文英中心小学,小学,121.3997671291231,31.250324046285876
667,上海市宝山区淞滨路小学,小学,121.49049035876276,31.375037123725278
668,上海市青浦区金泽小学,小学,120.92010318036172,31.034715958196045
669,上海市松江区九亭第三小学,小学,121.31651651239903,31.15642118080662
670,上海市浦东新区学前小学,小学,121.58003638110017,31.351659627602892
671,上海市青浦区朱家角小学,小学,121.05115693325503,31.106467289644034
672,上海市浦东新区高桥镇小学,小学,121.57456470821703,31.351615700435133
673,闵行区黎明小学,小学,121.34479433017881,31.148968122778797
674,闵行区花园学校,小学,121.361358858583,31.112580766246623
675,上海市浦东新区上南实验小学,小学,121.48833274376139,31.173912718711676
676,上海市嘉定区徐行小学,小学,121.26649869277094,31.414493216021068
677,上海市嘉定南翔镇民办天宇小学,小学,121.29515959379636,31.29178395190182
678,上海市嘉定区留云小学,小学,121.31757860654146,31.313252419213637
679,上海市浦东新区东荷小学,小学,121.58973712177752,31.27376301491272
680,上海闵行区华博利星行小学,小学,121.26981052929806,31.245490290328995
681,闵行区罗阳小学,小学,121.39534193041467,31.125891037373247
682,上海闵行区华虹小学,小学,121.35932483791144,31.17431178704011
683,上海市闵行区浦江第三小学,小学,121.51345509130043,31.033780620890695
684,上海市闵行区浦江第二小学,小学,121.5269671720616,31.068654600569662
685,上海市闵行区江川路小学,小学,121.41124813615566,31.018865779304306
686,上海市闵行区鹤北小学,小学,121.4111486109398,31.01253443830739
687,闵行区汽轮小学,小学,121.40878856352225,31.00655366935555
688,上海市闵行区丽江小学,小学,121.39948525122534,31.00686384187672
689,上海市闵行区碧江路小学,小学,121.39572637968332,31.016502195011725
690,闵行区航华第一小学,小学,121.34634937043292,31.18118777214608
691,闵行区龙柏第一小学,小学,121.3603382075338,31.185284803834993
692,闵行区航华第二小学,小学,121.34696369703617,31.174652041261826
693,闵行区平阳小学,小学,121.3863319476954,31.137377517928044
694,闵行区新梅小学,小学,121.38280614032058,31.126716230548325
695,闵行区实验小学,小学,121.40170178889902,31.108762641789816
696,上海市闵行区黄浦一中心世博小学,小学,121.49779901925909,31.075708293071607
697,上海市闵行区福山实验学校,小学,121.40703516175523,31.023108147662416
698,上海交通大学附属实验小学,小学,121.43018465977873,31.015945901927683
699,上海市青浦区沈巷小学,小学,121.05819044483145,31.074845965059282
700,上海市普陀区洵阳路小学,小学,121.42044096674104,31.251091136299998
701,上海市普陀区树德小学,小学,121.3830553515671,31.26000229507472
702,上海市普陀区中山北路第一小学,小学,121.42350596248882,31.25100349520557
703,上海市普陀区平利路第一小学,小学,121.4257703282099,31.272765765992347
704,上海市普陀区回民小学,小学,121.42615084207071,31.23896011368073
705,上海市普陀区陆家宅小学,小学,121.41801139561655,31.248328031466485
706,上海市普陀区联建小学,小学,121.34659473213266,31.286577902733903
707,上海市普陀区真如第三小学,小学,121.39462540536137,31.25922224061726
708,上海市普陀区沪太新村第一小学,小学,121.43449573781426,31.267861361004485
709,上海市崇明区合兴小学,小学,121.70281959582618,31.581843158683675
710,松江区实验小学,小学,121.21847880859916,31.009980208133793
711,上海市松江区第二实验小学,小学,121.1972954372664,31.04274503504974
712,松江区方塔小学,小学,121.24451934096219,31.007270022777007
713,松江区中山小学,小学,121.23704968405063,31.007668536073865
714,上海市松江区泗泾第二小学,小学,121.22988602364806,31.112510314103137
715,松江区泗泾小学,小学,121.2653569757702,31.118654719028463
716,上海市青浦瀚文小学,小学,121.10315379649653,31.152686019124257
717,上海市青浦区逸夫小学,小学,121.10538300782302,31.15948346449727
718,上海市青浦佳禾小学,小学,121.11790166472433,31.159781537460844
719,上海市青浦区徐泾小学,小学,121.26961001567463,31.171781036928085
720,上海市青浦区华新小学,小学,121.2285510823956,31.244752746986695
721,上海市青浦区赵屯小学,小学,121.07921291344412,31.257203103547138
722,上海市青浦区重固小学,小学,121.18150129569995,31.199921161832926
723,上海市青浦区庆华小学,小学,121.11124154345933,31.15560007182925
724,上海市青浦区淀山湖小学,小学,120.9857368311886,31.054483203566747
725,上海市青浦区商榻小学,小学,120.91991352965321,31.119536086048548
726,上海市虹口区复兴实验小学,小学,121.46682266173684,31.310395826129447
727,上海市宝山区大华第二小学,小学,121.41055420814003,31.277113036782307
728,上海市日新实验小学,小学,121.38158451344297,31.15604138910378
729,上海市浦东新区新城小学,小学,121.6913348337753,31.198573938570156
730,上海浦东新区民办豫息小学,小学,121.6813731476344,31.178817540348675
731,上海金山区民办查山小学,小学,121.309612031885,30.75557263940607
732,上海市崇明区海洪小学,小学,121.2808788619256,31.742846734363926
733,上海戏剧学院闵行附属学校,小学,121.53093196770332,31.051182765172808
734,上海市崇明区长兴小学,小学,121.70273525919217,31.38780920831854
735,上海市崇明区横沙小学,小学,121.84264481550368,31.343567458468772
736,上海市崇明区新村小学,小学,121.32656291072377,31.830547033564354
737,上海市崇明区绿华小学,小学,121.21450201317654,31.767400977915408
738,上海市崇明区裕安小学,小学,121.84535746431618,31.533890001791033
739,上海市崇明区实验小学,小学,121.38953884878443,31.622614133544754
740,上海市崇明区堡镇小学,小学,121.61276171005662,31.533516357677566
741,上海市崇明区北堡小学,小学,121.63158139665666,31.55949567122328
742,上海市崇明区堡镇第二小学,小学,121.61898832460376,31.53611338009679
743,上海市崇明区长江小学,小学,121.53594561262945,31.67516978846075
744,上海市第一师范附属小学崇明区江帆小学,小学,121.42808275591565,31.628813257438626
745,上海市崇明区庙镇小学,小学,121.34571377739879,31.717548865588746
746,上海市黄浦区光明小学,小学,121.48914226644764,31.225397893038277
747,上海市浦东新区香山小学,小学,121.56688631904235,31.241377809433565
748,上海市宝山区通河新村第三小学,小学,121.44396841741748,31.333815453713935
749,上海市浦东新区花木中心小学,小学,121.54469514173287,31.204056970701345
750,上海市浦东新区上南二村小学,小学,121.49301109830415,31.17874323782403
751,上海市浦东新区明珠小学,小学,121.52179452084314,31.16339395969975
752,上海市浦东新区华林小学,小学,121.5588631114573,31.19419636514895
753,上海市浦东新区第二中心小学,小学,121.5451765455577,31.238094882170728
754,上海市浦东新区昌邑小学,小学,121.51172471143943,31.240912823220263
755,上海市浦明师范学校附属小学,小学,121.52187504962565,31.2200120566675
756,上海市浦东新区海桐小学,小学,121.5484201671793,31.207300852484565
757,上海市浦东新区莱阳小学,小学,121.57704342021404,31.27987877303724
758,上海市浦东新区临沂二村小学,小学,121.50617486062089,31.196533641687566
759,上海市浦东新区沪新小学,小学,121.58053959205513,31.27005420103022
760,上海市浦东新区华高小学,小学,121.61095480328868,31.282679046738828
761,上海市浦东新区金新小学,小学,121.59691116803093,31.268004497516305
762,上海市浦东新区北蔡镇中心小学,小学,121.54910260818542,31.185596871718424
763,上海市浦东新区东波小学,小学,121.57785661718492,31.287606165537277
764,上海市浦东新区罗山小学,小学,121.55788753039226,31.25036639087782
765,上海市浦东新区万德小学,小学,121.55216601804254,31.25436901042256
766,上海市浦东新区张江镇中心小学,小学,121.61792864949419,31.207995672167726
767,上海外高桥保税区实验小学,小学,121.58256439870709,31.340640787540018
768,上海市浦东新区金桥镇中心小学,小学,121.59482229925561,31.264108399041206
769,上海市浦东新区杨园中心小学,小学,121.62741297862298,31.320227390338296
770,上海市浦东新区高行镇高南小学,小学,121.5798177741018,31.33250118037358
771,上海市浦东新区金茂小学,小学,121.58525984193808,31.26144312503635
772,上海市第六师范学校第二附属小学,小学,121.54096253909903,31.248902041726215
773,上海市浦东新区尚博实验小学,小学,121.51127480756656,31.14963653497369
774,上海市浦东新区浦东南路小学,小学,121.51012072015772,31.209630825957156
775,上海市浦东新区绿晨小学,小学,121.5316470919393,31.14808366063943
776,上海市浦东新区航城实验小学,小学,121.58580903801939,31.081310993291908
777,上海市浦东新区云台小学,小学,121.50244621138636,31.176680527285207
778,上海市浦东新区白玉兰小学,小学,121.50450931961265,31.19181504940148
779,上海市浦东新区东方小学,小学,121.50852811403983,31.126237060751205
780,上海市浦东新区上南五村小学,小学,121.49623350701975,31.18097176894401
781,上海市浦东新区南码头小学,小学,121.50417328406277,31.201719170699963
782,上海市浦东新区大桥小学,小学,121.48801060977813,31.161941925756338
783,上海市浦东新区联丰小学,小学,121.50433568737147,31.15633164695374
784,上海市浦东新区世博家园实验小学,小学,121.53244192751126,31.16690978490371
785,上海市浦东新区浦三路小学,小学,121.51229834220914,31.19775592241162
786,上海市浦东新区凌兆小学,小学,121.49295638711791,31.149362286603235
787,上海市第六师范附属小学,小学,121.58351452319378,31.31147593033488
788,上海市浦东新区三林镇中心小学,小学,121.49508177557928,31.140552334579375
789,上海市浦东新区晨阳小学,小学,121.74366416227528,31.180570389201215
790,上海市浦东新区江镇中心小学,小学,121.73926394931486,31.17605544237772
791,上海市浦东新区临港第一小学,小学,121.91698123183913,30.88471686231843
792,上海市浦东新区实验小学,小学,121.69641444829668,31.188544513199314
793,上海市浦东新区观澜小学,小学,121.69271341331275,31.17634074566405
794,上海市长宁区开元小学,小学,121.42184201415161,31.21332105542507
795,上海市浦东新区德州二村小学,小学,121.4856324592586,31.17016262531103
796,上海市浦东新区金陆小学,小学,121.57497327390178,31.25406524864591
797,上海市浦东新区育童小学,小学,121.5360831432963,31.17330926008732
798,上海市浦东新区潼港小学,小学,121.56706022871488,31.342169367166356
799,上海市浦东新区高行镇东沟小学,小学,121.57096477234391,31.29580099358567
800,上海市浦东新区临港外国语小学,小学,121.80770245922915,30.90185235881199
801,上海市浦东新区进才实验小学,小学,121.55692110552451,31.231952227785605
802,上海市浦东新区曹路打一小学,小学,121.66659999500393,31.291842697973316
803,上海市浦东新区凌河小学,小学,121.59033279327389,31.280495280005916
804,上海市浦东新区清源小学,小学,121.49377785966688,31.143217005544418
805,上海市浦东新区唐镇小学,小学,121.65069533554228,31.20909642473558
806,上海市浦东新区福山外国语小学,小学,121.52142110407146,31.23723779915496
807,上海市浦东新区新港小学,小学,121.86420906238439,30.98430486813116
808,上海市浦东新区明珠临港小学,小学,121.90363196470014,30.906394699863455
809,上海市浦东新区塘桥第一小学,小学,121.5184563139639,31.211792566102496
810,上海市浦东新区庆华小学,小学,121.72217741739153,31.238045160257528
811,上海市浦东新区三桥小学,小学,121.59970587839655,31.234288909800153
812,上海市浦东新区高行镇高行小学,小学,121.60349170812928,31.300212294094376
813,上海市浦东新区金英小学,小学,121.57557944399004,31.248281314872937
814,上海市浦东新区新世界实验小学,小学,121.49912021102588,31.177293282031076
815,上海市浦东新区御桥小学,小学,121.56294622152343,31.175581595508138
816,上海浦东新区民办航头小学,小学,121.59096284574329,31.05218581566318
817,上海市黄浦区第一中心小学,小学,121.49795222379116,31.222053839158114
818,上海市黄浦区巨鹿路第一小学,小学,121.45556469097546,31.21749747381804
819,上海市黄浦区海华小学,小学,121.46353443372983,31.20444352475691
820,上海师范大学附属卢湾实验小学,小学,121.47759193877758,31.210659020158136
821,上海市七色花小学,小学,121.4642772389006,31.22192108113034
822,上海市黄浦区卢湾三中心小学,小学,121.47148008071865,31.225416795438573
823,上海市黄浦区回民小学,小学,121.49213395283294,31.225869610607663
824,上海市黄浦区淮海中路小学,小学,121.4685406811661,31.222979904181358
825,上海市黄浦区卢湾一中心小学,小学,121.46916148184246,31.21376196105233
826,上海市黄浦区重庆北路小学,小学,121.46451947656448,31.227951885938776
827,上海市黄浦区梅溪小学,小学,121.4846519688531,31.217479309573818
828,上海市普陀区武宁路小学,小学,121.41898201857805,31.242160709793776
829,上海师范专科学校附属小学,小学,121.47757845016349,31.204121145985535
830,上海市黄浦区四川南路小学,小学,121.48571344142186,31.23258836299766
831,上海市黄浦区报童小学,小学,121.47868344859205,31.23697279677163
832,上海市黄浦区中华路第三小学,小学,121.49349841930636,31.219262808577444
833,上海市黄浦区复兴东路第三小学,小学,121.48224802502604,31.223152564632013
834,上海市黄浦区复兴中路第二小学,小学,121.46829735849549,31.217575802681512
835,上海市黄浦区蓬莱路第二小学,小学,121.4855920701153,31.22013782516393
836,上海市黄浦区瞿溪路小学,小学,121.46903416499376,31.20095381474365
837,上海市实验小学,小学,121.48094027366047,31.22527375273922
838,上海市黄浦区徽宁路第三小学,小学,121.48781152459863,31.213505564045136
839,上海市裘锦秋实验学校,小学,121.46077781623974,31.241826911054687
840,上外-黄浦外国语小学,小学,121.48881708176565,31.20210207288802
841,上海市黄浦区曹光彪小学,小学,121.467629498191,31.23754968995803
842,上海市奉贤区古华小学,小学,121.45862741076047,30.914717098473478
843,上海浦东新区民办博奥利星行小学,小学,121.77498404005938,31.023507593038516
844,上海浦东新区民办博爱小学,小学,121.75607430582758,31.087916959735363
845,上海市奉贤区洪庙小学,小学,121.68150283478302,30.928537520323292
846,上海市奉贤区江山小学,小学,121.45732748978007,30.90468883760978
847,上海市嘉定区卢湾一中心实验小学,小学,121.32419816772284,31.270745891743534
848,上海市静安区万航渡路小学,小学,121.4288110418421,31.227614863080593
849,上海市静安实验小学,小学,121.44475629633189,31.24147962216263
850,上海市静安区闸北第三中心小学,小学,121.46815160378308,31.255894862330983
851,上海市静安区止园路小学,小学,121.46536493763159,31.265088436048185
852,上海市第一师范学校附属小学,小学,121.43379884982065,31.228146012284746
853,上海市静安区西康路第三小学,小学,121.4465966444286,31.231548930200656
854,上海市静安区第二中心小学,小学,121.43101709493845,31.235810215197496
855,上海棋院实验小学,小学,121.46312574704152,31.24434375289931
856,上海市静安区宝山路小学,小学,121.47275871397008,31.25592448260055
857,上海市静安区闸北第二中心小学,小学,121.42937722082317,31.282432504790968
858,上海市静安区共康小学,小学,121.42966564037835,31.31767200064026
859,上海市静安区和田路小学,小学,121.45570857126236,31.270037107543285
860,上海市静安区洛川东路小学,小学,121.44646229098295,31.266488054601997
861,上海市静安区科技学校,小学,121.45914038511279,31.317857237733378
862,上海市静安区中兴路小学,小学,121.45655631489902,31.2546378062937
863,上海市闸北成功教育实验小学,小学,121.45687095809674,31.269257217326764
864,上海市静安区第四中心小学,小学,121.44232073526945,31.30891249452029
865,上海市静安区临汾路小学,小学,121.43896508100455,31.311256366764944
866,上海市静安区保德路小学,小学,121.4496248654729,31.31799802021028
867,上海市静安区三泉路小学,小学,121.43506758766496,31.316918532613105
868,上海市静安区彭浦新村第五小学,小学,121.44738247090739,31.3140147247724
869,上海市闸北田家炳小学,小学,121.42562135892301,31.3043057458549
870,上海市浦东新区万科实验小学,小学,121.5311353330206,31.246413057341606
871,上海浦东新区民办精忠小学,小学,121.6274688186771,31.30929346972678
872,上海市奉贤区育贤小学,小学,121.43751145759975,30.923655150376902
873,上海市静安区永兴路第二小学,小学,121.46114093718049,31.253141757433422
874,上海市静安区育婴堂路小学,小学,121.45989083877666,31.25720383111034
875,上海市静安区中山北路小学,小学,121.45678738679611,31.26149635825978
876,上海市静安区永和小学,小学,121.42248667442406,31.295867396524283
877,上海市崇明区汲浜小学,小学,121.75669732387291,31.52983341872409
878,上海市崇明区建设小学,小学,121.45664053569209,31.658112163933662
879,上海市崇明区大同小学,小学,121.48713868420343,31.62758024305382
880,上海市崇明区西门小学,小学,121.38769915009387,31.628498833326848
881,上海市崇明区平安小学,小学,121.6763587206094,31.402739097603213
882,上海浦东新区民办新星小学,小学,121.64198961802664,31.0043948035709
883,上海市民办新世纪小学,小学,121.43249430058668,31.20641131216421
884,上海浦东新区民办育苗小学,小学,121.43861789561522,31.10840953892551
885,上海外国语大学附属民办浦东外国语小学,小学,121.59016165286154,31.269340959714885
886,上海浦东新区民办智源小学,小学,121.70647387894071,31.120869057084416
887,上海浦东新区民办皖蓼小学,小学,121.67289339039398,31.188917402745744
888,上海市民办童园(实验)小学,小学,121.45353219715082,31.27339859117932
889,上海浦东新区民办明辉小学,小学,121.71421634103905,31.082168930375644
890,川东农场学校,小学,120.72333351471835,32.97449838895674
891,上海市浦东新区施湾小学,小学,121.74903237676263,31.153141616588588
892,上海市浦东新区凌桥小学,小学,121.53825824806053,31.36629566976823
893,上海浦东新区民办徐庙小学,小学,121.7112115720162,31.033824298376253
894,上海浦东新区民办梅林小学,小学,121.55594990572577,31.089250572556814
895,上海市奉贤区明德外国语小学,小学,121.51576192296757,30.926981291680175
896,上海市奉贤区思言小学,小学,121.51542646255655,30.954798851249468
897,上海宝山区民办惠民小学,小学,121.40004060500222,31.428030958963504
898,上海市浦东新区福山证大外国语小学,小学,121.59408536743742,31.285998205309056
899,上海市奉贤区肖塘小学,小学,121.43567222082089,30.964629737586204
900,上海市奉贤区塘外小学,小学,121.61462260902124,30.902196963136095
901,上海市浦东新区张桥小学,小学,121.60741476471117,31.269988718080725
902,上海市浦东新区顾路小学,小学,121.67363932234069,31.279725194710384
903,上海奉贤区民办童梦小学,小学,121.45018267687361,30.98851869272539
904,上海奉贤区民办青溪小学,小学,121.57205361773845,30.914601864027293
905,上海闵行区浦江文汇学校,小学,121.52997439509011,31.0226569619772
906,上海市浦东新区新场实验小学,小学,121.6542561069943,31.03630444354367
907,上海奉贤区民办育才小学,小学,121.63611710733105,30.86944785736837
908,上海奉贤区民办厚才小学,小学,121.51007593930782,30.90628615963877
909,上海浦东新区民办明光金都小学,小学,121.65602093769625,31.094559806171763
910,上海浦东新区民办英才小学,小学,121.70807861715058,31.171520046385798
911,上海市浦东新区蔡路逸夫小学,小学,121.72546436469264,31.214325577331184
912,上海浦东新区民办宣桥小学,小学,121.69407462154732,31.016403385972758
913,上海宝山区民办罗希小学,小学,121.37367811215229,31.3966512141621
914,上海宝山区大场镇民办申华小学,小学,121.37663820148352,31.3022465384958
915,上海市徐汇区田林小学,小学,121.41575764745018,31.172682463082946
916,上海市徐汇区田林第三小学,小学,121.42280974723545,31.173514835761342
917,上海市徐汇区康宁科技实验小学,小学,121.42190692999289,31.157674027608806
918,上海市徐汇区龙南小学,小学,121.44913943023887,31.157893687287338
919,上海市徐汇区日晖新村小学,小学,121.46014675594844,31.197253426144023
920,上海市杨浦区工农新村小学,小学,121.52992704270969,31.324994826504494
921,上海宝山区民办杨东小学,小学,121.45867681930429,31.38959909468442
922,上海宝山区民办顾教小学,小学,121.3683482073027,31.35721700476886
923,上海市杨浦区开鲁新村第一小学,小学,121.52520702204755,31.326224164989625
924,上海宝山区民办益钢小学,小学,121.478618898461,31.346044664100763
925,上海宝山区民办肖泾小学,小学,121.31854325518962,31.47673199858813
926,上海宝山区民办杨行小学,小学,121.43788826820675,31.374841402560833
927,上海宝山区民办海兰小学,小学,121.34639241575759,31.329412698690263
928,上海浦东新区民办筑桥实验小学,小学,121.53244192751126,31.16690978490371
929,上海市徐汇区建襄小学,小学,121.4554850852509,31.210302727659386
930,上海市青浦区实验小学,小学,121.10605030328858,31.14776395488603
931,上海市松江区泗泾第五小学,小学,121.24705180703576,31.104642011040955
932,上海市奉贤区江海第一小学,小学,121.45046522133788,30.908853497549874
933,上海市奉贤区海湾小学,小学,121.52137909232832,30.83917206945546
934,上海市奉贤区奉城第一小学,小学,121.64483274805524,30.920120963242756
935,上海市徐汇区东安三村小学,小学,121.44116059037897,31.18780326570316
936,上海松江区世泽小学,小学,121.31228680731144,31.112292884179457
937,上海市浦东新区黄楼小学,小学,121.66779808178725,31.167526029774383
938,上海市浦东新区福山花园外国语小学,小学,121.53743319778205,31.231170159790366
939,上海市徐汇区虹桥路小学,小学,121.42446190489387,31.19808742281871
940,上海市徐汇区汇师小学,小学,121.42831649545799,31.190002339718536
941,上海市教育科学研究院实验小学,小学,121.45974706503354,31.203079574592923
942,上海民办福山正达外国语小学,小学,121.5402161786551,31.240764062152092
943,上海闵行区民办弘梅第二小学,小学,121.41660580418086,31.122994434355387
944,上海民办彭浦实验小学,小学,121.44574304784918,31.31815076509307
945,上海市徐汇区长桥第二小学,小学,121.43933099012564,31.136592465703327
946,上海市浦东新区六团小学,小学,121.72434122029361,31.15280942293445
947,上海闵行区民办文河小学,小学,121.47581372781615,31.106687036732172
948,上海松江区马汤村小学,小学,121.2896551220883,31.066739132682645
949,上海市徐汇区樱花园小学,小学,121.40886327595985,31.148859358193207
950,上海市徐汇区华泾小学,小学,121.4473714867756,31.12821170980387
951,上海市青浦区教师进修学院附属小学,小学,121.15485624134719,31.157788975747813
952,上海市嘉定华亭镇民办华武小学,小学,121.28090231920149,31.47074363026819
953,上海松江区潘家浜村小学,小学,121.33764763152622,31.07766113412124
954,上海松江区刘家小学,小学,121.49196435616204,31.225720172960784
955,上海市徐汇区康健外国语实验小学,小学,121.40903873575745,31.156307529350137
956,上海师范大学第一附属小学,小学,121.41194984913668,31.155183778213427
957,上海市金山区第一实验小学,小学,121.1681217293919,30.901313928692886
958,上海市徐汇区逸夫小学,小学,121.43854740504219,31.135544624938465
959,上海金洲小学,小学,121.38198887939072,31.251544698642487
960,上海市徐汇区龙华小学,小学,121.44624481118916,31.17320666065366
961,上海松江区向阳小学,小学,121.29220905424995,31.141700705883736
962,上海市杨浦区五角场小学,小学,121.50789202313265,31.3024925368003
963,华东理工大学附属小学,小学,121.41918614763179,31.139797697776864
964,上海松江区善荣小学,小学,121.3133359486963,31.1182796302987
965,上海市杨浦区政立路小学,小学,121.48889514078039,31.310535766253977
966,上海市奉贤区四团小学,小学,121.72352455684711,30.94088851725905
967,上海市徐汇区光启小学,小学,121.43388772416148,31.185383863457883
968,上海市浦东新区杨思小学,小学,121.49068707290556,31.15137043690671
969,上海市徐汇区田林第四小学,小学,121.42206130441491,31.178721359921447
970,上海市徐汇区徐汇实验小学,小学,121.44863570096844,31.13970621119703
971,上海市徐汇区江南新村小学,小学,121.45802573088137,31.194558517656546
972,上海市徐汇区徐浦小学,小学,121.4564150933229,31.124565046795603
973,上海市浦东新区孙桥小学,小学,121.62543000598288,31.18067685283809
974,上海市杨浦区杨浦小学,小学,121.52111459003214,31.302733070499723
975,上海奉贤区民办宏翔小学,小学,121.44756466202968,30.933559641295687
976,上海闵行区民办文博小学,小学,121.52931141329995,31.10610654496367
977,上海浦东新区民办浦光小学,小学,121.71270460867699,31.21593025909828
978,上海市徐汇区东二小学,小学,121.44642021631662,31.18511898766695
979,上海市世界外国语小学,小学,121.41572097070136,31.15703752573647
980,上海市杨浦区六一小学,小学,121.5175702973243,31.307205516461224
981,上海松江区新叶小学,小学,121.32743019962317,30.95184803734962
982,上海市浦东新区三灶实验小学,小学,121.70253136768022,31.058430721579537
983,上海市徐汇区田林第一小学,小学,121.4149472106199,31.180343926423895
984,上海市浦东新区王港小学,小学,121.6702585500197,31.23600783035273
985,上海市徐汇区向阳小学,小学,121.45246476430523,31.209789971016022
986,上海松江区昆港小学,小学,121.14099344132622,31.00686082521009
987,上海金山区民办新联小学,小学,121.29342079649214,30.893665163092873
988,民办上海上外静安外国语小学,小学,121.45904522672072,31.235186623331096
989,上海市松江区新桥小学,小学,121.31237895328037,31.061378391643544
990,上海市徐汇区世界小学,小学,121.43520317267613,31.209561090783932
991,上海市徐汇区第一中心小学,小学,121.45500936857377,31.21467950653994
992,上海市实验学校附属小学,小学,121.42453663109661,31.133288955830352
993,上海市嘉定区实验小学北水湾分校,小学,121.21131918926059,31.38284176974638
994,上海体育职业学院附属小学,小学,121.44247523336756,31.13381882176071
995,上海市徐汇区园南小学,小学,121.43647341571825,31.143558744625917
996,上海市徐汇区向阳育才小学,小学,121.43368633230813,31.15083232923811
997,上海市徐汇区吴中路小学,小学,121.41780391635932,31.19377558749589
998,上海松江区永悦小学,小学,121.27649694622674,31.105456546937816
999,上海市杨浦区建设小学,小学,121.53988702175268,31.267777395236248
1000,上海市杨浦区水丰路小学,小学,121.53397332634037,31.288880827529105
1001,上海松江区花桥村小学,小学,121.24541555848275,31.03932726107543
1002,上海浦东新区民办育才小学,小学,121.69999635180214,31.255824196822985
1003,上海交通大学附属小学,小学,121.42294413703945,31.194149606620304
1004,上海浦东新区民办利民小学,小学,121.74052100333472,31.235471302134062
1005,上海闵行区民办银星学校,小学,121.40474943492815,31.042832815053632
1006,上海市徐汇区高安路第一小学,小学,121.43902721522673,31.207432692241067
1007,上海市徐汇区求知小学,小学,121.43206453635928,31.1715630427689
1008,上海市徐汇区上海小学,小学,121.43157937442457,31.140235710231206
1009,上海市徐汇区教育学院附属实验小学,小学,121.4334742521226,31.135570114667427
1010,上海市杨浦区市光新村第一小学,小学,121.53130873008621,31.319711251779218
1011,上海师范大学附属嘉定小学,小学,121.32004814127055,31.288201580036347
1012,上海市嘉定区普通小学白银路分校,小学,121.23327551585376,31.350173441211542
1013,上海浦东新区民办鲁冰花小学,小学,121.57937012081945,31.16620973125477
1014,上海市漕河泾新兴技术开发区实验小学,小学,121.3966889871984,31.158624501710253
1015,上海市徐汇区启新小学,小学,121.41520357068411,31.132900928190164
1016,上海松江区薛家小学,小学,121.20539462600674,30.97612995660482
1017,上海松江区古松三村小学,小学,121.13549107865612,30.975372889478678
1018,上海松江区北干山小学,小学,121.19180252734155,31.130666797145224
1019,上海松江区打铁桥村小学,小学,121.26574014805504,30.981798166919116
1020,上海松江区南门村小学,小学,121.24267510459431,30.999018775434287
1021,上海松江区联庄小学,小学,121.30450452529341,30.998335580252267
1022,上海松江区陈春小学,小学,121.33474610273335,31.07647719280461
1023,上海松江区众兴小学,小学,121.28149543160542,31.060002262998964
1024,上海市虹口区霍山路小学,小学,121.50715123986838,31.256942314326704
1025,上海市虹口区东余杭路第一小学,小学,121.49227096259446,31.255126721069676
1026,上海市奉贤区解放路小学,小学,121.44945318288828,30.91355151237625
1027,上海市奉贤区教育学院附属实验小学,小学,121.4626964193191,30.92843921248946
1028,上海市民办丽英小学,小学,121.47435658129393,31.284996588224395
1029,上海市徐汇区爱菊小学,小学,121.43792322626652,31.21494112559335
1030,上海市闵行区田园第二外语实验小学,小学,121.41043787343736,31.061486545483618
1031,上海市民办盛大花园小学,小学,121.44906751467911,31.17798018821696
1032,上海市嘉定马陆镇民办仓场小学,小学,121.41043787343736,31.061486545483618
1033,上海市嘉定马陆镇民办包桥小学,小学,121.30890684588351,31.35048127546839
1034,上海市嘉定徐行镇民办育红小学,小学,121.30373945440846,31.438376416009287
1035,上海市嘉定工业区民办娄塘小学,小学,121.2095806852359,31.432945139379385
1036,上海市嘉定南翔镇民办桃苑小学,小学,121.30217815874558,31.32919980305445
1037,上海市嘉定江桥镇民办沪宁小学,小学,121.28845371631324,31.272874080193336
1038,上海市民办四中心实验小学,小学,121.49506995905635,31.291409770536426
1039,上海市民办宏星小学,小学,121.48533071605445,31.283886790663374
1040,上海市金山区前京小学,小学,121.31836509346984,30.760057819138442
1041,上海市青浦区嵩华小学,小学,121.23123133449256,31.188171206097564
1042,上海市青浦区崧文小学,小学,121.14348159717008,31.14936750571351
1043,上海宝山区民办山海小学,小学,121.38026684218858,31.313623255765247
1044,上海唯实希望小学,小学,121.0728097396015,30.991928802862354
1045,上海市青浦区东门小学,小学,121.12014181464585,31.149420223098744
1046,上海市青浦区白鹤小学,小学,121.13222155467497,31.26140692861179
1047,上海市青浦区颜安小学,小学,121.03408796923235,31.009630847717414
1048,上海市奉贤区实验小学,小学,121.43714266370289,30.912388167205815
1049,上海民办浦东新区常青藤小学,小学,121.56247964740608,31.13623656665103
1050,上海金山区民办红扬小学,小学,121.31541270873689,30.902216388267306
1051,上海市青浦区蒸淀小学,小学,121.0210394529416,30.978970227103726
1052,上海市浦东新区教育学院附属小学,小学,121.68630345532934,31.199507254294247
1053,上海市青浦区尚鸿小学,小学,121.23714805596646,31.18158396329101
1054,上海市杨浦区同济小学,小学,121.50477526058538,31.28671266749112
1055,上海市杨浦区打虎山路第一小学,小学,121.50277294399514,31.276629897841325
1056,上海市杨浦区控江二村小学分校,小学,121.53194333429217,31.27580427729303
1057,上海市杨浦区水丰路小学分校,小学,121.52825556274442,31.292415134019965
1058,上海市杨浦区内江路第二小学,小学,121.53892379778942,31.286361440299267
1059,上海市杨浦区二联小学,小学,121.5230564906194,31.284986467944165
1060,上海市杨浦区国和小学,小学,121.52468459252853,31.32314191535302
1061,上海市第二师范学校附属小学,小学,121.49506400708201,31.278810926829053
1062,上海市青浦豫英小学,小学,121.13612535968521,31.14742286718219
1063,上海市杨浦区中原路小学,小学,121.5305505658267,31.329762655402163
1064,上海理工大学附属小学,小学,121.53559968352866,31.29391967801113
1065,上海市杨浦区民星路小学,小学,121.53660584308584,31.314879858514363
1066,上海师范大学附属闵行第三小学,小学,121.4836358763841,31.10571421048623
1067,上海民办打一外国语小学,小学,121.51154188049614,31.278810766824073
1068,上海市民办阳浦小学,小学,121.53220768991095,31.269156747276465
1069,上海市民办东展小学,小学,121.36632107158063,31.207695929094996
1070,上海市杨浦区内江路小学,小学,121.54514966606504,31.283876905398277
1071,上海市杨浦区齐齐哈尔路第一小学分校,小学,121.51262056411399,31.267916486327596
1072,上海市杨浦区平凉路第四小学,小学,121.55217687807263,31.280411857788216
1073,上海市杨浦区齐齐哈尔路第一小学,小学,121.52216722857322,31.26517640664826
1074,上海市杨浦区许昌路第五小学,小学,121.50763749618275,31.27435724719294
1075,上海市杨浦区平凉路第三小学,小学,121.54702297280417,31.276759647510943
1076,上海市杨浦区怀德路第一小学,小学,121.52121989016138,31.255679966049264
1077,上海市杨浦区中原路小学分校,小学,121.52150779041118,31.339664405868376
1078,上海市杨浦区开鲁新村第二小学,小学,121.52403397733474,31.32912798772364
1079,上海市杨浦区杭州路第一小学,小学,121.52981496134083,31.26211080473768
1080,上海市杨浦区翔殷路小学,小学,121.53312709996888,31.309268696429648
1081,上海市杨浦区长白二村小学分校,小学,121.53724471913038,31.30237217191886
1082,上海市杨浦区复旦科技园小学,小学,121.51927376564286,31.334448115395407
1083,上海市杨浦区世界小学,小学,121.43520317267613,31.209561090783932
1084,上海市杨浦区回民小学,小学,121.53063703466107,31.3034657903441
1085,上海市杨浦区政立路第二小学,小学,121.50299195456189,31.30942135535962
1086,上海市宝山区罗南中心校,小学,121.35618687412263,31.385233432259714
1087,上海市民办协和双语学校,小学,121.4938656412722,31.185009635972865
1088,上海市宝山区高境科创实验小学,小学,121.47587767712461,31.320652918517876
1089,上海闵行区民办马桥小学,小学,121.36755866569854,31.01934712297113
1090,上海闵行区民办育苗小学,小学,121.43861789561522,31.10840953892551
1091,上海市松江区洞泾学校,九年一贯制学校,121.27809324486454,31.087065003090856
1092,上海市浦东新区东城学校,九年一贯制学校,121.78074969223609,31.05849574301678
1093,中科院上海实验学校,九年一贯制学校,121.227857032698,31.381619401240833
1094,上海市松江区古松学校,九年一贯制学校,121.1122717782094,30.986739388501377
1095,上海市松江区五厍学校,九年一贯制学校,121.13315849444072,30.940186344611764
1096,上海市铜川学校,九年一贯制学校,121.38716650561625,31.25208657887109
1097,上海浦东新区民办更新学校,九年一贯制学校,121.62004567022571,31.14714542328331
1098,上海市松江区李塔汇学校,九年一贯制学校,121.17590183282144,30.968225913194576
1099,上海市松江区叶榭学校,九年一贯制学校,121.31114010488639,30.939323480588232
1100,上海市子长学校,九年一贯制学校,121.42790330809413,31.265074811771928
1101,上海市宝山区教育学院实验学校,九年一贯制学校,121.49052982772596,31.406342130276283
1102,上海市马桥强恕学校,九年一贯制学校,121.36205276205074,31.031569927547842
1103,上海市闵行区纪王学校,九年一贯制学校,121.26918177719818,31.23916471691324
1104,上海农场学校,九年一贯制学校,121.5349285178247,31.664760904752278
1105,上海市嘉定区苏民学校,九年一贯制学校,121.30254934492085,31.294682347743066
1106,上海市晋元高级中学附属学校,九年一贯制学校,121.4015843537322,31.27422891562782
1107,上海市光新学校,九年一贯制学校,121.42894184507507,31.255393444487364
1108,上海市松江区小昆山学校,九年一贯制学校,121.12721972832405,31.026793148206803
1109,上海市康城学校,九年一贯制学校,121.61056173483534,31.141364941840955
1110,上海师范大学附属第二实验学校,九年一贯制学校,121.39982038379505,31.24748232058705
1111,上海市宜川中学附属学校,九年一贯制学校,121.44168549927043,31.260317249440693
1112,上海市三灶学校,九年一贯制学校,121.70939726641815,31.07392942526443
1113,上海市东海学校,九年一贯制学校,121.80826100229999,31.092815548429673
1114,上海市洋泾-菊园实验学校,九年一贯制学校,121.50708627179715,31.230109247064554
1115,上海民办包玉刚实验学校,九年一贯制学校,121.4285286903931,31.22631608199925
1116,上海市洛川学校,九年一贯制学校,121.43129136303894,31.261337212263516
1117,华东师范大学第四附属中学,九年一贯制学校,121.38141250233699,31.22662244860084
1118,上海市江宁学校,九年一贯制学校,121.43193356645754,31.249213513727206
1119,上海市普陀区教育学院附属学校,九年一贯制学校,121.42324154518825,31.263113878600944
1120,上海市今日学校,九年一贯制学校,121.89942822508961,30.95472679647985
1121,上海市周浦实验学校,九年一贯制学校,121.58472593020804,31.098674834895878
1122,上海师范大学附属经纬实验学校,九年一贯制学校,121.39670825097765,31.32747863926544
1123,上海市杨泰实验学校,九年一贯制学校,121.4353707139588,31.368273184622485
1124,上海外国语大学临港外国语学校,九年一贯制学校,121.7413430780465,30.867253745652288
1125,上海市宝山区共富实验学校,九年一贯制学校,121.41627063901063,31.350687131275375
1126,上海市天馨学校,九年一贯制学校,121.42145855506978,31.36209225475196
1127,上海市吴淞实验学校,九年一贯制学校,121.48681735369094,31.37345467980228
1128,上海外国语大学嘉定外国语学校,九年一贯制学校,121.15787464167694,31.32788611664836
1129,上海市松江区仓桥学校,九年一贯制学校,121.1997001430931,31.00970100944741
1130,上海市松江区新浜学校,九年一贯制学校,121.06099816790994,30.933134816917597
1131,上海市三新学校,九年一贯制学校,121.19104879497274,31.028725137742434
1132,上海市开元学校,九年一贯制学校,121.41495732036229,31.213684514192284
1133,上海市塘沽学校,九年一贯制学校,121.47337537087745,31.248956293494302
1134,上海市三泉学校,九年一贯制学校,121.43341915155621,31.308521088903365
1135,上海大学附属学校,九年一贯制学校,121.36804041892059,31.31382579864193
1136,华东师范大学宝山实验学校,九年一贯制学校,121.42725359572044,31.330293057725477
1137,上海市宝山区上海大学附属中学实验学校,九年一贯制学校,121.40325091626829,31.284266079826928
1138,上海市静安区教育学院附属学校,九年一贯制学校,121.44110288895807,31.24066189995259
1139,上海市嘉定区朱桥学校,九年一贯制学校,121.18811197985845,31.410282682750413
1140,上海市干巷学校,九年一贯制学校,121.23552923799369,30.828755846490054
1141,上海市闵行区文来实验学校,九年一贯制学校,121.3034919813469,31.205748256644863
1142,上海市闵行区诸翟学校,九年一贯制学校,121.28978563198069,31.2107682638339
1143,上海市闵行区华漕学校,九年一贯制学校,121.30588676179077,31.218612814799545
1144,上海市闵行区明星学校,九年一贯制学校,121.37080159913363,31.132465384697067
1145,上海市古美学校,九年一贯制学校,121.39666025069393,31.144110147765875
1146,上海市金汇实验学校,九年一贯制学校,121.37215347372668,31.183888136717275
1147,上海市莘城学校,九年一贯制学校,121.38489089577827,31.101765719944797
1148,上海市闵行区君莲学校,九年一贯制学校,121.41408385105774,31.083271503098874
1149,上海浦东新区民办协和双语学校,九年一贯制学校,121.4938656412722,31.185009635972865
1150,上海浦东新区民办万科学校,九年一贯制学校,121.5796956239085,31.15162254692044
1151,上海市宝山区新民实验学校,九年一贯制学校,121.42183983556515,31.421646427475025
1152,上海市月浦实验学校,九年一贯制学校,121.42537386966357,31.408786865595935
1153,上海市金鼎学校,九年一贯制学校,121.37575678331298,31.2601507665551
1154,上海市曹杨中学附属学校,九年一贯制学校,121.354612415409,31.239361281277983
1155,上海市三墩学校,九年一贯制学校,121.74975607811393,30.994553465139592
1156,上海市松江区民乐学校,九年一贯制学校,121.22029462041024,31.02110737221865
1157,上海市秋萍学校,九年一贯制学校,121.84704138014033,30.879876090193147
1158,上海市万祥学校,九年一贯制学校,121.8188156560694,30.96932378194816
1159,上海市航头学校,九年一贯制学校,121.58594214295202,31.03230825224709
1160,上海市下沙学校,九年一贯制学校,121.59157833748195,31.085117052921156
1161,上海市北郊学校,九年一贯制学校,121.48809004732801,31.27784648007543
1162,上海市虹口实验学校,九年一贯制学校,121.4925428671598,31.291304241300153
1163,上海市长青学校,九年一贯制学校,121.49712738178627,31.255956909265393
1164,上海市霍山学校,九年一贯制学校,121.5080614848677,31.25674407605496
1165,上海新清华博世凯外国语学校,九年一贯制学校,121.5272401751098,31.066987263710683
1166,上海市宝山区行知外国语学校,九年一贯制学校,121.367669954061,31.324960067467842
1167,上海市宝山区庙行实验学校,九年一贯制学校,121.41530510615698,31.334554958952197
1168,上海市培华学校,九年一贯制学校,121.47721314675682,31.27497786258272
1169,上海市教育学会宝山实验学校,九年一贯制学校,121.46915597709025,31.324345859088865
1170,上海市宝山区顾村实验学校,九年一贯制学校,121.38220818209405,31.360523318569133
1171,上海戏剧学院附属静安学校,九年一贯制学校,121.45620824926948,31.243851787666507
1172,上海市宝山实验学校,九年一贯制学校,121.48166226560889,31.406935740251072
1173,上海市新农学校,九年一贯制学校,121.20230063508511,30.897518147847528
1174,上海市嘉定区娄塘学校,九年一贯制学校,121.20981087184025,31.43428510378645
1175,上海市宝钢新世纪学校,九年一贯制学校,121.47420853107178,31.40790709466348
1176,上海市宝山区鹿鸣学校,九年一贯制学校,121.35126739149108,31.345728803275925
1177,上海市嘉定区练川实验学校,九年一贯制学校,121.26231149047814,31.380471836372276
1178,上海市嘉定区戬浜学校,九年一贯制学校,121.28840446418786,31.381934418905466
1179,上海市嘉定民办斌心学校,九年一贯制学校,121.31435082033042,31.4301049274027
1180,上海市嘉定区疁城实验学校,九年一贯制学校,121.23894051794225,31.38080953847216
1181,上海市嘉定区华亭学校,九年一贯制学校,121.28242103160962,31.469605913860306
1182,上海市万里城实验学校,九年一贯制学校,121.41448032288821,31.26602434123555
1183,东华大学附属实验学校,九年一贯制学校,121.17936283220767,31.037973223727313
1184,上海市燎原双语学校,九年一贯制学校,121.40292397691672,31.14474937780108
1185,上海市松江区佘山学校,九年一贯制学校,121.17707101865382,31.099980649259766
1186,上海市中远实验学校,九年一贯制学校,121.43178696087068,31.253142546518905
1187,华东师范大学附属外国语实验学校,九年一贯制学校,121.41415357776394,31.236787085817664
1188,上海理工大学附属普陀实验学校,九年一贯制学校,121.42894184507507,31.255393444487364
1189,上海市实验学校附属东滩学校,九年一贯制学校,121.80361241690024,31.490965893239093
1190,上海市松江区天马山学校,九年一贯制学校,121.1399122337234,31.069705591127775
1191,上海市崇明区三乐学校,九年一贯制学校,121.35955276999596,31.74091042403534
1192,上海市莘光学校,九年一贯制学校,121.37864027796388,31.11854263744627
1193,上海师范大学康城实验学校,九年一贯制学校,121.35132336876921,31.1028531708182
1194,上海市崇明区前哨学校,九年一贯制学校,121.87282611765914,31.526762838237303
1195,上海市曹杨第二中学附属学校,九年一贯制学校,121.40121646372866,31.23771591351906
1196,上海市沙田学校,九年一贯制学校,121.40760462608452,31.239962785936534
1197,上海市青浦区崧泽学校,九年一贯制学校,121.20119414705005,31.15606295713423
1198,上海市毓秀学校,九年一贯制学校,121.14221950653176,31.159512106695622
1199,上海市博文学校,九年一贯制学校,121.09852580137355,31.21179282762117
1200,上海市佳信学校,九年一贯制学校,121.09474195011039,31.152915991826237
1201,上海市毓华学校,九年一贯制学校,121.11553336315734,31.138152763257224
1202,上海市松江区华阳桥学校,九年一贯制学校,121.27861239502147,31.005423617214728
1203,上海市松江区车墩学校,九年一贯制学校,121.30370957167659,31.017637620532025
1204,上海外国语大学松江外国语学校,九年一贯制学校,121.21848805000639,31.054784098029522
1205,上海市松江区泖港学校,九年一贯制学校,121.21257575874093,30.933014523568787
1206,上海市松江区张泽学校,九年一贯制学校,121.27569383693037,30.93028445913541
1207,上海市宝山区馨家园学校,九年一贯制学校,121.36566057108057,31.361899679314483
1208,上海市绿川学校,九年一贯制学校,121.54602830195482,31.17070339105525
1209,上海市川沙中学南校,九年一贯制学校,121.6841505302338,31.185103284993232
1210,上海市高桥-东陆学校,九年一贯制学校,121.5960990104694,31.281394957185654
1211,上海市宣桥学校,九年一贯制学校,121.69820902677708,31.01800379576259
1212,上海市实验学校附属光明学校,九年一贯制学校,121.75916936638752,31.11851330385768
1213,上海市实验学校东校,九年一贯制学校,121.56969401742029,31.235283743945022
1214,上海市周浦育才学校,九年一贯制学校,121.6544554050766,31.112444773478522
1215,上海市南汇实验学校,九年一贯制学校,121.74345918157718,31.049343221034892
1216,上海市黄路学校,九年一贯制学校,121.77661447566963,31.02532126099802
1217,上海市黄浦区教育学院附属中山学校,九年一贯制学校,121.47251390625208,31.197378135208854
1218,上海市应昌期围棋学校,九年一贯制学校,121.47801086767001,31.240068448791856
1219,上海市黄浦学校,九年一贯制学校,121.47936867677147,31.215162976019336
1220,上海外国语大学尚阳外国语学校,九年一贯制学校,121.3690934914687,31.262417535419072
1221,上海市文达学校,九年一贯制学校,121.38251778981467,31.293804468529753
1222,上海市奉贤区肇文学校,九年一贯制学校,121.65005998598785,30.913957420672205
1223,上海市爱国学校,九年一贯制学校,121.45306442469347,31.23268853107344
1224,上海市静安区大宁国际学校,九年一贯制学校,121.45553023029787,31.30289724272167
1225,上海对外经贸大学附属松江实验学校,九年一贯制学校,121.18043788827133,31.01507856545278
1226,上海市华灵学校,九年一贯制学校,121.42289078681885,31.27783521766209
1227,上海市崇明区新海学校,九年一贯制学校,121.29488446321764,31.81973787025511
1228,上海市奉贤区育秀实验学校,九年一贯制学校,121.4619197416259,30.908577955885768
1229,上海市奉贤区青少年业余体育学校,九年一贯制学校,121.4645982274964,30.905568638997728
1230,上海市民办新黄浦实验学校,九年一贯制学校,121.44260793865779,31.25650668084832
1231,上海市奉贤区五四学校,九年一贯制学校,121.73427944919993,30.865174147572606
1232,上海市奉贤区钱桥学校,九年一贯制学校,121.53889886111942,30.874369880795967
1233,上海市奉贤区柘林学校,九年一贯制学校,121.47127191970527,30.830829816726848
1234,上海市奉贤区西渡学校,九年一贯制学校,121.43753868655799,30.991589933456403
1235,华东政法大学附属松江实验学校,九年一贯制学校,121.19722037744509,31.065676701262696
1236,上海民办华东师大二附中紫竹双语学校,九年一贯制学校,121.45593262979071,31.032200168992574
1237,上海市奉贤区新寺学校,九年一贯制学校,121.456996645909,30.868133392766353
1238,上海市奉贤区齐贤学校,九年一贯制学校,121.50416891732095,30.95568454460601
1239,上海市奉贤区奉浦学校,九年一贯制学校,121.4524189655087,30.93772280536868
1240,上海闵行区民办美高双语学校,九年一贯制学校,121.27194485688489,31.235475843174854
1241,上海市育鹰学校,九年一贯制学校,121.51315435801503,31.292412834642263
1242,上海师范大学第三附属实验学校,九年一贯制学校,121.43359194114583,31.164853858430458
1243,上海市松江区佘山外国语实验学校,九年一贯制学校,121.20260285287759,31.126101962204515
1244,华东师范大学第二附属中学前滩学校,九年一贯制学校,121.46834633592752,31.149554130308573
1245,上海大学附属宝山外国语学校,九年一贯制学校,121.44268355375492,31.401174489174576
1246,上海市民办万源城协和双语学校,九年一贯制学校,121.39137697770633,31.14634281689944
1247,上海市位育实验学校,九年一贯制学校,121.44889647600783,31.21970733607563
1248,上海市松江区新桥学校,九年一贯制学校,121.31526156282126,31.060484480223206
1249,上海市青浦区御澜湾学校,九年一贯制学校,121.0918106978793,31.13900341874239
1250,上海市奉贤区庄行学校,九年一贯制学校,121.39429207471694,30.906319556692335
1251,上海市奉贤区泰日学校,九年一贯制学校,121.55949842101951,30.98707845132941
1252,上海市奉贤区邵厂学校,九年一贯制学校,121.75748661939265,30.907094506897987
1253,上海市奉贤区弘文学校,九年一贯制学校,121.47665812203292,30.911654123382977
1254,上海市奉贤区胡桥学校,九年一贯制学校,121.42658535070288,30.83506014600588
1255,上海市奉贤区金汇学校,九年一贯制学校,121.49893231973192,30.989668777004574
1256,上海市奉贤区阳光外国语学校,九年一贯制学校,121.44082919878093,30.904601359391243
1257,上海市奉贤区星火学校,九年一贯制学校,121.5635369572369,30.862819395846856
1258,上海浦东新区民办沪港学校,九年一贯制学校,121.88611135184803,30.88590967985682
1259,上海市奉贤区邬桥学校,九年一贯制学校,121.39841938112795,30.958094657525287
1260,上海市奉贤区平安学校,九年一贯制学校,121.72749039818655,30.90449003161658
1261,上海市崇明区海桥学校,九年一贯制学校,121.3104257207596,31.784991129269738
1262,上海市民办东方阶梯双语学校,九年一贯制学校,121.48032446800568,31.174341921332864
1263,上海闵行区万科双语学校,九年一贯制学校,121.33973940654936,31.166985711894682
1264,上海市民办复旦万科实验学校,九年一贯制学校,121.33680907058623,31.1634239274653
1265,上海赫德双语学校,九年一贯制学校,121.24378244277746,31.042295499059414
1266,上海松江区尚文武术专业学校,九年一贯制学校,121.32665113933811,30.94982672902016
1267,上海青浦平和双语学校,九年一贯制学校,121.23451400116465,31.184831397764654
1268,上海市民办桃李园实验学校,九年一贯制学校,121.22978469908512,31.398912532359013
1269,上海嘉定区怀少学校,九年一贯制学校,121.30691449488603,31.300637205201912
1270,上海嘉定区世界外国语学校,九年一贯制学校,121.26690441422839,31.307421797324945
1271,上海市松江区新闵学校,九年一贯制学校,121.33931608964242,31.088467968567443
1272,上海新纪元双语学校,九年一贯制学校,121.78039911230881,31.50855758283315
1273,上海复旦五浦汇实验学校,九年一贯制学校,121.07428579032141,31.144928595627253
1274,上海青浦区世界外国语学校,九年一贯制学校,121.27765594631413,31.19228442457387
1275,上海民办日日学校,九年一贯制学校,121.44691066820616,31.33272082751697
1276,上海民办永昌学校,九年一贯制学校,121.35143128453252,30.775505982261922
1277,上海市民办金盟学校,九年一贯制学校,121.33560046925342,30.71064022483785
1278,上海市奉贤区华亭学校,九年一贯制学校,121.46753915327218,30.921506026761538
1279,上海市奉贤区光明学校,九年一贯制学校,121.50322152888398,30.907868027457315
1280,上海浦东新区民办宏文学校,九年一贯制学校,121.69960734563591,31.167888000761927
1281,上海市黄兴学校,九年一贯制学校,121.52054597947507,31.287462626424283
1282,上海市昆明学校,九年一贯制学校,121.50587038351867,31.272336894891957
1283,上海市市光学校,九年一贯制学校,121.53692206224495,31.32311750958876
1284,上海音乐学院实验学校,九年一贯制学校,121.50699454272072,31.329630650623038
1285,上海市宝山区大华新城学校,九年一贯制学校,121.4040182174784,31.295144866106796
1286,上海民办沪东外国语学校,九年一贯制学校,121.49287680944573,31.28258680472727
1287,上海同济大学实验学校,九年一贯制学校,121.4877454758057,31.305340352491292
1288,上海民办华二宝山实验学校,九年一贯制学校,121.35290554760259,31.36578651067642
1289,上海市民办锦秋学校,九年一贯制学校,121.37925694583252,31.322462690317472
1290,上海浦东新区民办惠立学校,九年一贯制学校,121.47306071145557,31.16244233529263
1291,上海市刘行新华实验学校,九年一贯制学校,121.3568787546555,31.349746713189703
1292,上海市白茅岭学校,九年一贯制学校,119.30700809828268,31.047178547113568
1293,上海市民办协和双语尚音学校,九年一贯制学校,121.4938656412722,31.185009635972865
1294,上海市松江区泗泾实验学校,九年一贯制学校,121.27011146442062,31.124314682013125
1295,上海市曹杨第二中学,高级中学,121.39642970700498,31.242307592684586
1296,上海市嘉定区第二中学,高级中学,121.30637693574502,31.297440443635335
1297,上海市进才中学,高级中学,121.54170908876243,31.23050405508033
1298,上海市祝桥高级中学,高级中学,121.75153479430001,31.11646074581344
1299,上海中医药大学附属浦江高级中学,高级中学,121.54061626397194,31.060196426278356
1300,上海市新川中学,高级中学,121.67048246920379,31.196014485949462
1301,华东师范大学附属周浦中学,高级中学,121.57047761035372,31.10820245471776
1302,上海市新场中学,高级中学,121.6455439342623,31.02400125027415
1303,上海市杨思高级中学,高级中学,121.49345862200872,31.156109243959918
1304,上海市嘉定区封浜高级中学,高级中学,121.30606818326459,31.244115675713523
1305,上海市嘉定区中光高级中学,高级中学,121.25487305573212,31.386952648405792
1306,上海交通大学附属中学嘉定分校,高级中学,121.23954786385686,31.354303123618294
1307,上海市金山中学,高级中学,121.15637153646064,30.88372328357407
1308,上海市古美高级中学,高级中学,121.37933178981625,31.15150539161517
1309,上海师范大学附属中学闵行分校,高级中学,121.50455868438506,31.070629356905734
1310,上海交通大学附属中学闵行分校,高级中学,121.42245214893414,31.01311573541205
1311,上海市朱泾中学,高级中学,121.15716048984393,30.902726603733672
1312,上海市鲁迅中学,高级中学,121.4729334662325,31.27730079134978
1313,上海师范大学第二附属中学,高级中学,121.34700842907195,30.722443920522185
1314,上海市亭林中学,高级中学,121.31190425939087,30.882191718150644
1315,上海市闵行中学,高级中学,121.42057508861613,31.009295988038797
1316,上海市第八中学,高级中学,121.49208174736432,31.214287934091534
1317,上海海洋大学附属大团高级中学,高级中学,121.74582298907738,30.964160221284768
1318,上海市松江二中,高级中学,121.24106507814176,31.010537782365386
1319,上海南汇中学,高级中学,121.78358079870618,31.0587371454359
1320,上海市洋泾中学,高级中学,121.51680342954795,31.226974743524543
1321,上海市宝山中学,高级中学,121.48402798385212,31.414010785100277
1322,上海市复兴高级中学,高级中学,121.47795991668588,31.295946400934632
1323,上海市晋元高级中学,高级中学,121.39315848833957,31.27275966360211
1324,上海市宜川中学,高级中学,121.4401968810906,31.26371499525404
1325,上海市建平中学,高级中学,121.55467125562703,31.245677252950735
1326,上海大学附属中学,高级中学,121.38717231298709,31.311468003910427
1327,华东师范大学第二附属中学,高级中学,121.58692163422693,31.20314662112965
1328,复旦大学附属中学,高级中学,121.50147495390266,31.292340567104358
1329,上海市南洋中学,高级中学,121.46070385232362,31.192263289797722
1330,上海市松江一中,高级中学,121.22958990028543,31.00505974222795
1331,上海市行知中学,高级中学,121.4945250790773,31.40793065700809
1332,上海市吴淞中学,高级中学,121.49258861968781,31.37837137213197
1333,上海市陆行中学,高级中学,121.58162072977699,31.255236226285287
1334,上海市七宝中学,高级中学,121.3630317357671,31.15280285520711
1335,上海民办铭远双语高级中学,高级中学,121.47230438663385,30.972047086053358
1336,上海市延安中学,高级中学,121.37594482354075,31.21156488816351
1337,上海市第三女子中学,高级中学,121.42624923356857,31.224666849883523
1338,上海市复旦中学,高级中学,121.42894818962552,31.205483589314646
1339,上海市淞浦中学,高级中学,121.41868291298661,31.41124394502113
1340,上海市光明中学,高级中学,121.4762036929552,31.22824572612758
1341,上海市北虹高级中学,高级中学,121.48731259718134,31.25055495342193
1342,上海市虹口高级中学,高级中学,121.46184433912862,31.28486399783228
1343,上海市继光高级中学,高级中学,121.49370559787778,31.261325304508265
1344,上海市张堰中学,高级中学,121.28102049057254,30.806935420477327
1345,上海财经大学附属北郊高级中学,高级中学,121.48510643044524,31.27791560618465
1346,上海市嘉定区第一中学,高级中学,121.24804689352035,31.4077763826974
1347,上海外国语大学嘉定外国语实验高级中学,高级中学,121.25453443145551,31.384622462862456
1348,上海市嘉定区安亭高级中学,高级中学,121.15801604408213,31.326493885870295
1349,上海市宝山区海滨中学,高级中学,121.49004698570076,31.38419501214905
1350,上海市通河中学,高级中学,121.43632433418989,31.337100249787994
1351,上海外国语大学闵行外国语中学,高级中学,121.29992005348849,31.221826753282752
1352,民办上海工商外国语职业学院附属中学,高级中学,121.77622395175095,31.047968646561323
1353,上海市浦东复旦附中分校,高级中学,121.66874210999457,31.288320018343803
1354,上海师范大学附属中学,高级中学,121.41355827445291,31.165338573323012
1355,上海市青浦区第二中学,高级中学,121.10618864412575,31.144525743387234
1356,上海师范大学附属外国语中学,高级中学,121.20841488547381,31.011157227253126
1357,上海市崇明中学,高级中学,121.4117800394906,31.642114194904387
1358,华东师范大学松江实验高级中学,高级中学,121.20928319233704,31.03313144920162
1359,上海交通大学附属中学浦东实验高中,高级中学,121.52177086596197,31.2419635986459
1360,上海市崇明区城桥中学,高级中学,121.39137330275582,31.63272355541797
1361,上海市莘庄中学,高级中学,121.39309642512924,31.101420836363232
1362,上海市田园高级中学,高级中学,121.40564619783206,31.095958799025105
1363,华东师范大学第一附属中学,高级中学,121.49722373387249,31.267701098297835
1364,上海市金汇高级中学,高级中学,121.36159217461237,31.173814887455396
1365,上海市青浦高级中学,高级中学,121.13686970472814,31.15729280536226
1366,上海市青浦区东湖中学,高级中学,121.04463584182594,31.108634012657205
1367,上海市朱家角中学,高级中学,121.03855282229355,31.104297844881064
1368,上海市建平世纪中学,高级中学,121.54203954310651,31.211655676629775
1369,上海闵行区教育学院附属中学,高级中学,121.35948235172462,31.119220734619123
1370,上海市扬子中学,高级中学,121.39789571035061,31.62897267318445
1371,上海市崇明区堡镇中学,高级中学,121.61622586846487,31.535473146799475
1372,上海市文建中学,高级中学,121.52166103401568,31.211749415264503
1373,华东师范大学附属东昌中学,高级中学,121.51102259870305,31.236816659046976
1374,上海市上南中学,高级中学,121.52401994484772,31.185771542536116
1375,上海市浦东中学,高级中学,121.51062917332511,31.189799032132086
1376,上海海事大学附属北蔡高级中学,高级中学,121.54857125323592,31.186557370354333
1377,上海市高桥中学,高级中学,121.57803961178791,31.350164851246433
1378,上海市川沙中学,高级中学,121.69663442587023,31.19661215261506
1379,上海市三林中学,高级中学,121.50037870522378,31.142089381761227
1380,上海市民办丰华高级中学,高级中学,121.59605769414043,31.27309944073404
1381,上海市五爱高级中学,高级中学,121.48019559062989,31.202879299486558
1382,上海市向明中学,高级中学,121.46045146473358,31.222889841148895
1383,上海外国语大学附属大境中学,高级中学,121.4865085823867,31.205318644464036
1384,上海市格致中学,高级中学,121.47548484700233,31.232965496343787
1385,上海市卢湾高级中学,高级中学,121.46433092288055,31.20423969258502
1386,上海市大同中学,高级中学,121.48913863054145,31.209177595816854
1387,上海市敬业中学,高级中学,121.48357202270502,31.219081369488915
1388,上海大学市北附属中学,高级中学,121.45892450363937,31.262688044853686
1389,上海市彭浦中学,高级中学,121.43716302487728,31.314340026393502
1390,上海市民办民远高级中学,高级中学,121.65557099363838,31.20008986332262
1391,上海市市西中学,高级中学,121.43555751178518,31.225257213905433
1392,上海市育才中学,高级中学,121.27935998805971,31.326872893870693
1393,上海戏剧学院附属高级中学,高级中学,121.43747264100747,31.23395242120893
1394,上海市市北中学,高级中学,121.46556448573281,31.25438163184192
1395,上海市第六十中学,高级中学,121.46745851917126,31.265882654520432
1396,上海市风华中学,高级中学,121.44047979019147,31.271961986080562
1397,上海市澄衷高级中学,高级中学,121.49897091860765,31.257201884124772
1398,上海市新中高级中学,高级中学,121.42881892459357,31.28663500033464
1399,上海市崇明区民本中学,高级中学,121.60933164648456,31.53598059644981
1400,上海市奉贤区曙光中学,高级中学,121.65544211485583,30.92476817720455
1401,上海市奉贤区景秀高级中学,高级中学,121.72261122225747,30.952035671654688
1402,上海市奉贤区致远高级中学,高级中学,121.454731708367,30.909654732237662
1403,上海师范大学第四附属中学,高级中学,121.5211993948726,30.840424865603143
1404,上海市奉贤中学,高级中学,121.4926572553205,30.92442863650118
1405,上海市奉贤区奉城高级中学,高级中学,121.64090307644847,30.91151763483845
1406,上海协和双语高级中学,高级中学,121.40181164432693,31.191220227489495
1407,同济大学第一附属中学,高级中学,121.51409569797954,31.338971934076483
1408,上海市第二中学,高级中学,121.45066170604264,31.21244964909968
1409,上海市徐汇区董恒甫高级中学,高级中学,121.42992755684656,31.185649757889315
1410,上海市中原中学,高级中学,121.52673262782601,31.329601940043677
1411,复旦大学附属中学青浦分校,高级中学,121.07428579032141,31.144928595627253
1412,上海七宝德怀特高级中学,高级中学,121.37044346460792,31.162236010471023
1413,上海民办包玉刚实验高中,高级中学,121.18751942454433,31.039370937709865
1414,上海桐柏高级中学,高级中学,121.38173134794705,31.25990818812895
1415,上海市民办瑞虹高级中学,高级中学,121.4729872828956,31.281538176727036
1416,上海市同济中学,高级中学,121.51743661297924,31.309936088110856
1417,上海市紫竹园中学,高级中学,121.44512530518307,31.135810981717885
1418,上海市民办燎原双语高级中学,高级中学,121.47230438663385,30.972047086053358
1419,上海大学附属南翔高级中学,高级中学,121.31539536293424,31.315522704823387
1420,上海市上海中学,高级中学,121.43175658303227,31.14149430419296
1421,华东理工大学附属闵行科技高级中学,高级中学,121.36756651677543,31.020945176402293
1422,上海市民办育辛高级中学,高级中学,121.51083446783699,31.194862114376843
1423,上海托马斯实验学校,高级中学,121.48122039133253,31.399098615486587
1424,华东师范大学第三附属中学,高级中学,121.29375534185681,30.796559994285857
1425,上海市南洋模范中学,高级中学,121.4463594863529,31.191842504267267
1426,上海市位育中学,高级中学,121.43855861679658,31.12177809429652
1427,上海市民办西南高级中学,高级中学,121.42286057818622,31.1992869807624
1428,上海市民办交大南洋中学,高级中学,121.24071981410106,30.89405859814084
1429,华东师范大学附属天山学校,高级中学,121.38408125897556,31.218554568135783
1430,上海市少云中学,高级中学,121.5151509670246,31.29595711588944
1431,上海市杨浦高级中学,高级中学,121.49597727522234,31.279088548841237
1432,上海市控江中学,高级中学,121.52843706954758,31.281225177891706
1433,上海理工大学附属中学,高级中学,121.53424924257529,31.287691977226864
1434,上海市民星中学,高级中学,121.53364516587565,31.3150097622323
1435,上海财经大学附属中学,高级中学,121.54113137386874,31.268384886823082
1436,上海交通大学附属中学,高级中学,121.48446047148161,31.32097067588319
1437,上海建峰职业技术学院附属高级中学,高级中学,121.4625408303789,31.40815858055294
1438,上海市民办进华中学,完全中学,121.40440589784278,31.26605105787584
1439,上海市沪新中学,完全中学,121.57635308124787,31.27507027158329
1440,上海市长岛中学,完全中学,121.57783056519409,31.263768178475207
1441,上海市香山中学,完全中学,121.56264228897278,31.240784670592074
1442,上海市桃浦中学,完全中学,121.34728152380717,31.284572555550774
1443,上海市闵行第三中学,完全中学,121.41478347559051,31.002400882803695
1444,上海市第五十二中学,完全中学,121.47403456856492,31.28416302540663
1445,上海外国语大学附属外国语学校东校,完全中学,121.49490554620593,31.277512994153533
1446,上海市老港中学,完全中学,121.84024391286145,31.02947001643063
1447,上海市甘泉外国语中学,完全中学,121.43135213221463,31.265236615224584
1448,上海市泥城中学,完全中学,121.82559008249657,30.90707139352641
1449,上海市长征中学,完全中学,121.37212159249212,31.24038206648184
1450,上海音乐学院附属安师实验中学,完全中学,121.42068124082813,31.239841443067313
1451,上海中学东校,完全中学,121.91706017378613,30.909488242688195
1452,上海市吴迅中学,完全中学,121.55888230073482,31.119781273381147
1453,上海教科实验中学,完全中学,121.39202257440465,31.137309463239973
1454,华东政法大学附属中学,完全中学,121.42396535976772,31.207780108941577
1455,上海市行知实验中学,完全中学,121.41371178074553,31.287360833448368
1456,上海市久隆模范中学,完全中学,121.45021214737814,31.30938957714356
1457,上海市闸北第八中学,完全中学,121.43209416180885,31.30323809677493
1458,上海市罗店中学,完全中学,121.34326923782767,31.428194002798417
1459,上海市民办风范中学,完全中学,121.44644352561124,31.286349684390533
1460,上海市仙霞高级中学,完全中学,121.38829461166071,31.210143521092885
1461,上海市省吾中学,完全中学,121.41843775190937,31.226669327838348
1462,上海民办行中中学,完全中学,121.42534365303894,31.42218133652803
1463,上海市金陵中学,完全中学,121.48759903881428,31.23384537440081
1464,上海市南汇第一中学,完全中学,121.75443755430346,31.046616014849864
1465,华东师范大学附属枫泾中学,完全中学,121.01890198138346,30.893158973751596
1466,上海外国语大学第一实验学校,完全中学,121.47594444740352,31.279281443226424
1467,上海外国语大学附属外国语学校,完全中学,121.47587305841454,31.28098953029984
1468,上海市顾村中学,完全中学,121.38982240999766,31.353772768260438
1469,上海市高境第一中学,完全中学,121.47434447929295,31.320713561012944
1470,上海市真如中学,完全中学,121.39389916396433,31.251881582722405
1471,上海市第二工业大学附属龚路中学,完全中学,121.67450173253823,31.266982949030837
1472,上海市泾南中学,完全中学,121.52286268194678,31.239344747098755
1473,上海市高行中学,完全中学,121.60517193960757,31.290989203980775
1474,上海市育民中学,完全中学,121.57564961293123,31.343702299112355
1475,上海市三林中学东校,完全中学,121.52003452652096,31.141200816559873
1476,上海市曹杨中学,完全中学,121.36291773671547,31.246853974729007
1477,同济大学第二附属中学,完全中学,121.4303965261062,31.241398759916585
1478,上海市青浦区第一中学,完全中学,121.11365260607224,31.152150738939433
1479,上海市松江区第四中学,完全中学,121.27395448894377,31.115710633581678
1480,上海市松江区立达中学,完全中学,121.20905915686701,31.006263920034314
1481,上海市高东中学,完全中学,121.61528767946014,31.33132365937141
1482,华东师范大学张江实验中学,完全中学,121.61318844698313,31.20867361561454
1483,上海市崇明区横沙中学,完全中学,121.8435839644938,31.344908624203608
1484,上海市江镇中学,完全中学,121.74962865373632,31.176983351796107
1485,上海外国语大学附属浦东外国语学校,完全中学,121.58339698032793,31.196146762035813
1486,上海市比乐中学,完全中学,121.47664443102417,31.21377381616263
1487,上海市市南中学,完全中学,121.49189196150441,31.215515779599034
1488,上海市第十中学,完全中学,121.48428462787373,31.21799098368882
1489,上海市储能中学,完全中学,121.46475903043601,31.230220457219833
1490,上海市民立中学,完全中学,121.45415087667283,31.22738749878706
1491,上海市华东模范中学,完全中学,121.44549068925241,31.22275476268075
1492,同济大学附属七一中学,完全中学,121.4259611603951,31.23199807166681
1493,上海市向东中学,完全中学,121.46567969146784,31.244569313119683
1494,上海市民办新和中学,完全中学,121.42853367038352,31.284161623473246
1495,上海市第一中学,完全中学,121.4374953393307,31.237976614374492
1496,上海市回民中学,完全中学,121.43023467240211,31.271024505008207
1497,上海市同济黄浦设计创意中学,完全中学,121.48149663004942,31.243870817854987
1498,上海民办建平远翔学校,完全中学,121.58994729439617,31.272678507288926
1499,上海市民办精文中学,完全中学,121.4603456172552,31.31036907889484
1500,上海民办常青中学,完全中学,121.48708986146714,31.17926330223543
1501,上海市民办文绮中学,完全中学,121.41965007593728,31.008167726664983
1502,上海市文来中学,完全中学,121.37738440300329,31.142289830723332
1503,上海民办弘德学校,完全中学,121.70913479144207,31.20184746747258
1504,上海市民办迅行中学,完全中学,121.48923489703772,31.280696702023373
1505,上海民办位育中学,完全中学,121.45397962937444,31.155018042244006
1506,上海市民办扬波中学,完全中学,121.45605959152826,31.25817306568651
1507,上海田家炳中学,完全中学,121.45939684127264,31.321368560652033
1508,上海民办民一中学,完全中学,121.6286822736922,31.560140604453657
1509,上海民办南模中学,完全中学,121.44114533003626,31.17884674623256
1510,上海市民办新虹桥中学,完全中学,121.42062636537578,31.20313470123335
1511,上海市松江九峰实验学校,完全中学,121.24240095943658,31.012627729291225
1512,上海市第五十四中学,完全中学,121.43879177321368,31.206721615271363
1513,上海民办光华中学,完全中学,121.62096272739758,31.147345331270213
1514,上海市世界外国语中学,完全中学,121.40792589081941,31.147030879490995
1515,上海市中国中学,完全中学,121.42192782357091,31.15921324701728
1516,上海市徐汇中学,完全中学,121.43130722076505,31.194159524235424
1517,上海市第四中学,完全中学,121.43626764422989,31.19393150020917
1518,上海市零陵中学,完全中学,121.4517494406616,31.19113449041681
1519,上海市西南位育中学,完全中学,121.41270517497212,31.181314820621076
1520,华东理工大学附属中学,完全中学,121.4198904901725,31.133834582049495
1521,上海市西南模范中学,完全中学,121.42984258864647,31.148976534769716
1522,上海市民办永昌中学,完全中学,121.35154504752077,30.775758662971096
1523,上海市复旦实验中学,完全中学,121.53343327964885,31.306104666200447
1524,上海市体育学院附属中学,完全中学,121.54705030231673,31.28562602187955
1525,上海枫叶国际学校,完全中学,121.01687360326804,30.92156901406381
1526,上海市民办上实剑桥外国语中学,完全中学,121.53943029424967,31.297309160353343
1527,上海市普陀区明翔实验学校,十二年一贯制学校,121.39066867506683,31.26719866019099
1528,上海市西郊学校,十二年一贯制学校,121.35651996184546,31.205307429066195
1529,上海市民办中芯学校,十二年一贯制学校,121.61510587702269,31.222240504352275
1530,上海市建青实验学校,十二年一贯制学校,121.39595591465562,31.19439035675293
1531,上海市实验学校,十二年一贯制学校,121.50434833322284,31.184827063660805
1532,上海华东师范大学附属双语学校,十二年一贯制学校,121.16737356057199,31.285217413422792
1533,上海星河湾双语学校,十二年一贯制学校,121.4011063130505,31.089767134331826
1534,上海市川沙中学北校,十二年一贯制学校,121.69684036941477,31.205352540879087
1535,上海市民办平和学校,十二年一贯制学校,121.58566266147893,31.24245670363416
1536,上海民办东方外国语学校,十二年一贯制学校,121.65855788061653,31.228976439189516
1537,上海帕丁顿双语学校,十二年一贯制学校,121.45223140023876,30.938413970558095
1538,上海师范大学附属第二外国语学校,十二年一贯制学校,121.77699371412209,31.053730151649116
1539,上海市同洲模范学校,十二年一贯制学校,121.4523807263776,31.323412132922552
1540,上海市市东实验学校（上海市市东中学）,十二年一贯制学校,121.56969401742029,31.235283743945022
1541,上海金山区世界外国语学校,十二年一贯制学校,121.3255212515385,30.75530660164409
1542,上海闵行区民办德闳学校,十二年一贯制学校,121.33405150590573,31.054791910709824
1543,上海市民办尚德实验学校,十二年一贯制学校,121.5921101821354,31.137492218658753
1544,上海康德双语实验学校,十二年一贯制学校,121.47922908389114,31.204721603884924
1545,上海闵行区诺德安达双语学校,十二年一贯制学校,121.26450897292925,31.22261013087846
1546,上海外国语大学西外外国语学校,十二年一贯制学校,121.2290731240694,31.04649620646561
1547,上海金山杭州湾双语学校,十二年一贯制学校,121.314725346857,30.83040320758627
1548,上海市民办远东学校,十二年一贯制学校,121.25629160928472,31.406310592887387
1549,上海市宋庆龄学校,十二年一贯制学校,121.23673617060325,31.143491596530307
1550,上海市徐汇位育体校,十二年一贯制学校,121.43946372614992,31.119791801543904
1551,上海市民办金苹果学校,十二年一贯制学校,121.61542849887304,31.28398286671634
1552,上海外国语大学附属双语学校,十二年一贯制学校,121.52341788536634,31.282462480328263
1553,上海控江中学附属民办学校,十二年一贯制学校,121.5173870659752,31.266876483970634
1554,上海培佳双语学校,十二年一贯制学校,121.43551578056284,31.267320260569534
